id,Name,Author,User Rating,Reviews,Price,Year,Genre,gb_categories,gb_avgRating,gb_ratingsCount,gb_publisher,gb_publishedDate,gb_pageCount,gb_language
1,10-Day Green Smoothie Cleanse,JJ Smith,4.7,17350,8,2016,Non Fiction,Cooking,5.0,2.0,Simon and Schuster,2014-07-15,192.0,en
2,11/22/63: A Novel,Stephen King,4.6,2052,22,2011,Fiction,Fiction,,,Simon and Schuster,2011-11-08,880.0,en
3,12 Rules for Life: An Antidote to Chaos,Jordan B. Peterson,4.7,18979,15,2018,Non Fiction,Psychology,4.0,9.0,Random House Canada,2018-01-23,449.0,en
4,1984 (Signet Classics),George Orwell,4.7,21424,6,2017,Fiction,,,,Createspace Independent Publishing Platform,2017-07-26,286.0,en
5,"5,000 Awesome Facts (About Everything!) (National Geographic Kids)",National Geographic Kids,4.8,7665,12,2019,Non Fiction,,,,,,,
6,A Dance with Dragons (A Song of Ice and Fire),George R. R. Martin,4.4,12643,11,2011,Fiction,Fiction,,,National Geographic Books,2011-07-12,0.0,en
7,A Game of Thrones / A Clash of Kings / A Storm of Swords / A Feast of Crows / A Dance with Dragons,George R. R. Martin,4.7,19735,30,2014,Fiction,,,,,,,
8,A Gentleman in Moscow: A Novel,Amor Towles,4.7,19699,15,2017,Fiction,Fiction,5.0,4.0,Penguin,2016-09-06,497.0,en
9,"A Higher Loyalty: Truth, Lies, and Leadership",James Comey,4.7,5983,3,2018,Non Fiction,Biography & Autobiography,,,Pan Macmillan,2018-04-17,342.0,en
10,A Man Called Ove: A Novel,Fredrik Backman,4.6,23848,8,2016,Fiction,Fiction,,,Simon and Schuster,2022-11-29,368.0,en
11,A Man Called Ove: A Novel,Fredrik Backman,4.6,23848,8,2017,Fiction,Fiction,,,Simon and Schuster,2022-11-29,368.0,en
12,A Patriot's History of the United States: From Columbus's Great Discovery to the War on Terror,Larry Schweikart,4.6,460,2,2010,Non Fiction,History,,,Regnery Publishing,2017-06-26,0.0,en
13,A Stolen Life: A Memoir,Jaycee Dugard,4.6,4149,32,2011,Non Fiction,Biography & Autobiography,3.0,3.0,Simon and Schuster,2012-07-03,293.0,en
14,A Wrinkle in Time (Time Quintet),Madeleine L'Engle,4.5,5153,5,2018,Fiction,Juvenile Fiction,,,Square Fish,2017-11-07,256.0,en
15,"Act Like a Lady, Think Like a Man: What Men Really Think About Love, Relationships, Intimacy, and Commitment",Steve Harvey,4.6,5013,17,2009,Non Fiction,Humor,5.0,1.0,Harper Collins,2014-06-03,162.0,en
16,"Adult Coloring Book Designs: Stress Relief Coloring Book: Garden Designs, Mandalas, Animals, and Paisley Patterns",Adult Coloring Book Designs,4.5,2313,4,2016,Non Fiction,,,,,,,
17,Adult Coloring Book: Stress Relieving Animal Designs,Blue Star Coloring,4.6,2925,6,2015,Non Fiction,,,,,,,
18,Adult Coloring Book: Stress Relieving Patterns,Blue Star Coloring,4.4,2951,6,2015,Non Fiction,,,,,,,
19,"Adult Coloring Books: A Coloring Book for Adults Featuring Mandalas and Henna Inspired Flowers, Animals, and Paisley…",Coloring Books for Adults,4.5,2426,8,2015,Non Fiction,,,,,,,
20,Alexander Hamilton,Ron Chernow,4.8,9198,13,2016,Non Fiction,Biography & Autobiography,4.0,10.0,Penguin,2005-03-29,834.0,en
21,All the Light We Cannot See,Anthony Doerr,4.6,36348,14,2014,Fiction,Fiction,,,Simon and Schuster,2023-10-03,560.0,en
22,All the Light We Cannot See,Anthony Doerr,4.6,36348,14,2015,Fiction,Fiction,,,Simon and Schuster,2023-10-03,560.0,en
23,Allegiant,Veronica Roth,3.9,6310,13,2013,Fiction,Young Adult Fiction,3.0,17.0,HarperCollins UK,2013-10-22,404.0,en
24,American Sniper: The Autobiography of the Most Lethal Sniper in U.S. Military History,Chris Kyle,4.6,15921,9,2015,Non Fiction,History,4.0,153.0,Harper Collins,2012-01-03,267.0,en
25,And the Mountains Echoed,Khaled Hosseini,4.3,12159,13,2013,Fiction,Fiction,4.0,3.0,Penguin,2013-05-21,312.0,en
26,Arguing with Idiots: How to Stop Small Minds and Big Government,Glenn Beck,4.6,798,5,2009,Non Fiction,Political Science,,,Threshold Editions,2010-09-14,0.0,en
27,Astrophysics for People in a Hurry,Neil deGrasse Tyson,4.7,9374,9,2017,Non Fiction,Science,4.5,7.0,W. W. Norton & Company,2017-05-02,140.0,en
28,"Autobiography of Mark Twain, Vol. 1",Mark Twain,4.2,491,14,2010,Non Fiction,Fiction,,,BoD - Books on Demand,2023-05-29,692.0,en
29,Baby Touch and Feel: Animals,DK,4.6,5360,5,2015,Non Fiction,Juvenile Nonfiction,,,National Geographic Books,2008-01-21,0.0,en
30,Balance (Angie's Extreme Stress Menders),Angie Grace,4.6,1909,11,2015,Non Fiction,Crafts & Hobbies,,,Createspace Independent Pub,2015-02-22,104.0,en
31,Barefoot Contessa Foolproof: Recipes You Can Trust: A Cookbook,Ina Garten,4.8,1296,24,2012,Non Fiction,Cooking,5.0,2.0,Clarkson Potter,2012-10-30,274.0,en
32,"Barefoot Contessa, How Easy Is That?: Fabulous Recipes & Easy Tips",Ina Garten,4.7,615,21,2010,Non Fiction,Cooking,,,Clarkson Potter,2010-12-17,258.0,en
33,Becoming,Michelle Obama,4.8,61133,11,2018,Non Fiction,Biography & Autobiography,,,Noura Books,2019-08-13,598.0,id
34,Becoming,Michelle Obama,4.8,61133,11,2019,Non Fiction,Biography & Autobiography,,,Noura Books,2019-08-13,598.0,id
35,Being Mortal: Medicine and What Matters in the End,Atul Gawande,4.8,11113,15,2015,Non Fiction,Social Science,4.5,5.0,Metropolitan Books,2014-10-07,300.0,en
36,Between the World and Me,Ta-Nehisi Coates,4.7,10070,13,2015,Non Fiction,Biography & Autobiography,,,Random House,2025-06-17,177.0,en
37,Between the World and Me,Ta-Nehisi Coates,4.7,10070,13,2016,Non Fiction,Biography & Autobiography,,,Random House,2025-06-17,177.0,en
38,Born to Run,Bruce Springsteen,4.7,3729,18,2016,Non Fiction,Biography & Autobiography,,,Simon and Schuster,2016-09-27,528.0,en
39,"Breaking Dawn (The Twilight Saga, Book 4)",Stephenie Meyer,4.6,9769,13,2009,Fiction,,,,Atom Books,,,en
40,"Broke: The Plan to Restore Our Trust, Truth and Treasure",Glenn Beck,4.5,471,8,2010,Non Fiction,Business & Economics,,,Simon and Schuster,2012-08-28,416.0,en
41,"Brown Bear, Brown Bear, What Do You See?",Bill Martin Jr.,4.9,14344,5,2017,Fiction,Juvenile Fiction,,,Henry Holt and Company (BYR),2011-11-15,17.0,en
42,"Brown Bear, Brown Bear, What Do You See?",Bill Martin Jr.,4.9,14344,5,2019,Fiction,Juvenile Fiction,,,Henry Holt and Company (BYR),2011-11-15,17.0,en
43,"Cabin Fever (Diary of a Wimpy Kid, Book 6)",Jeff Kinney,4.8,4505,0,2011,Fiction,Juvenile Fiction,,,Amulet Books,2011-11,224.0,en
44,Calm the F*ck Down: An Irreverent Adult Coloring Book (Irreverent Book Series),Sasha O'Hara,4.6,10369,4,2016,Non Fiction,,,,,,,
45,Can't Hurt Me: Master Your Mind and Defy the Odds,David Goggins,4.8,16244,18,2019,Non Fiction,Self-Help,4.5,2.0,David Goggins,2021-04-01,395.0,en
46,Capital in the Twenty First Century,Thomas Piketty,4.5,2884,28,2014,Non Fiction,Business & Economics,3.0,2.0,Harvard University Press,2014-03-10,696.0,en
47,Catching Fire (The Hunger Games),Suzanne Collins,4.7,22614,11,2010,Fiction,,,,,2015-04-13,341.0,en
48,Catching Fire (The Hunger Games),Suzanne Collins,4.7,22614,11,2011,Fiction,,,,,2015-04-13,341.0,en
49,Catching Fire (The Hunger Games),Suzanne Collins,4.7,22614,11,2012,Fiction,,,,,2015-04-13,341.0,en
50,Cravings: Recipes for All the Food You Want to Eat: A Cookbook,Chrissy Teigen,4.7,4761,16,2016,Non Fiction,Cooking,,,Clarkson Potter,2016-02-23,242.0,en
51,Crazy Love: Overwhelmed by a Relentless God,Francis Chan,4.7,1542,14,2009,Non Fiction,Religion,5.0,3.0,David C Cook,2013-04-01,226.0,en
52,Crazy Love: Overwhelmed by a Relentless God,Francis Chan,4.7,1542,14,2010,Non Fiction,Religion,5.0,3.0,David C Cook,2013-04-01,226.0,en
53,Crazy Love: Overwhelmed by a Relentless God,Francis Chan,4.7,1542,14,2011,Non Fiction,Religion,5.0,3.0,David C Cook,2013-04-01,226.0,en
54,Crazy Rich Asians (Crazy Rich Asians Trilogy),Kevin Kwan,4.3,6143,8,2018,Fiction,Fiction,5.0,3.0,Anchor,2013-06-11,457.0,en
55,Creative Haven Creative Cats Coloring Book (Adult Coloring),Marjorie Sarnat,4.8,4022,4,2015,Non Fiction,,,,,,,
56,Creative Haven Owls Coloring Book (Adult Coloring),Marjorie Sarnat,4.8,3871,5,2015,Non Fiction,Games & Activities,,,Courier Dover Publications,2015-07-15,37.0,en
57,Cutting for Stone,Abraham Verghese,4.6,4866,11,2010,Fiction,Fiction,,,Random House India,2012-05-17,560.0,en
58,Cutting for Stone,Abraham Verghese,4.6,4866,11,2011,Fiction,Fiction,,,Random House India,2012-05-17,560.0,en
59,"Daring Greatly: How the Courage to Be Vulnerable Transforms the Way We Live, Love, Parent, and Lead",Brené Brown,4.8,1329,10,2013,Non Fiction,,,,,2018-04-09,218.0,en
60,"David and Goliath: Underdogs, Misfits, and the Art of Battling Giants",Malcolm Gladwell,4.4,4642,13,2013,Non Fiction,Psychology,5.0,1.0,Hachette UK,2013-10-01,184.0,en
61,Dead And Gone: A Sookie Stackhouse Novel (Sookie Stackhouse/True Blood),Charlaine Harris,4.6,1541,4,2009,Fiction,,,,,,,
62,"Dead in the Family (Sookie Stackhouse/True Blood, Book 10)",Charlaine Harris,4.3,1924,8,2010,Fiction,,,,,,,
63,"Dead Reckoning (Sookie Stackhouse/True Blood, Book 11)",Charlaine Harris,4.2,2094,4,2011,Fiction,,,,,,,
64,Dear Zoo: A Lift-the-Flap Book,Rod Campbell,4.8,10922,5,2015,Fiction,Juvenile Nonfiction,5.0,1.0,Simon and Schuster,2007-05-08,18.0,en
65,Dear Zoo: A Lift-the-Flap Book,Rod Campbell,4.8,10922,5,2016,Fiction,Juvenile Nonfiction,5.0,1.0,Simon and Schuster,2007-05-08,18.0,en
66,Dear Zoo: A Lift-the-Flap Book,Rod Campbell,4.8,10922,5,2017,Fiction,Juvenile Nonfiction,5.0,1.0,Simon and Schuster,2007-05-08,18.0,en
67,Dear Zoo: A Lift-the-Flap Book,Rod Campbell,4.8,10922,5,2018,Fiction,Juvenile Nonfiction,5.0,1.0,Simon and Schuster,2007-05-08,18.0,en
68,Decision Points,George W. Bush,4.6,2137,17,2010,Non Fiction,,,,,2016-10,,en
69,"Delivering Happiness: A Path to Profits, Passion, and Purpose",Tony Hsieh,4.6,1651,15,2010,Non Fiction,Business & Economics,5.0,1.0,Hachette UK,2010-06-07,170.0,en
70,"Diagnostic and Statistical Manual of Mental Disorders, 5th Edition: DSM-5",American Psychiatric Association,4.5,6679,105,2013,Non Fiction,Mental Disorders,,,,2013,0.0,en
71,"Diagnostic and Statistical Manual of Mental Disorders, 5th Edition: DSM-5",American Psychiatric Association,4.5,6679,105,2014,Non Fiction,Mental Disorders,,,,2013,0.0,en
72,"Diary of a Wimpy Kid: Hard Luck, Book 8",Jeff Kinney,4.8,6812,0,2013,Fiction,Juvenile Fiction,4.0,13.0,Abrams,2013-11-05,228.0,en
73,Diary of a Wimpy Kid: The Last Straw (Book 3),Jeff Kinney,4.8,3837,15,2009,Fiction,Best friends,,,,2024,0.0,en
74,Diary of a Wimpy Kid: The Long Haul,Jeff Kinney,4.8,6540,22,2014,Fiction,,5.0,3.0,,2014-11-05,217.0,en
75,Difficult Riddles For Smart Kids: 300 Difficult Riddles And Brain Teasers Families Will Love (Books for Smart Kids),M Prefontaine,4.6,7955,5,2019,Non Fiction,,,,,,,
76,Divergent,Veronica Roth,4.6,27098,15,2013,Fiction,Young Adult Fiction,4.5,342.0,Harper Collins,2011-05-03,419.0,en
77,Divergent,Veronica Roth,4.6,27098,15,2014,Fiction,Young Adult Fiction,4.5,342.0,Harper Collins,2011-05-03,419.0,en
78,Divergent / Insurgent,Veronica Roth,4.5,17684,6,2014,Fiction,Young Adult Fiction,5.0,4.0,Harper Collins,2013-10-22,873.0,en
79,"Divine Soul Mind Body Healing and Transmission System: The Divine Way to Heal You, Humanity, Mother Earth, and All…",Zhi Gang Sha,4.6,37,6,2009,Non Fiction,,,,,,,
80,Doctor Sleep: A Novel,Stephen King,4.7,15845,13,2013,Fiction,Fiction,,,Simon and Schuster,2013,672.0,en
81,"Dog Days (Diary of a Wimpy Kid, Book 4) (Volume 4)",Jeff Kinney,4.8,3181,12,2009,Fiction,,,,,,,
82,Dog Man and Cat Kid: From the Creator of Captain Underpants (Dog Man #4),Dav Pilkey,4.9,5062,6,2018,Fiction,Juvenile Fiction,4.0,7.0,Scholastic Inc.,2017-12-26,256.0,en
83,Dog Man: A Tale of Two Kitties: From the Creator of Captain Underpants (Dog Man #3),Dav Pilkey,4.9,4786,8,2017,Fiction,,,,,,,
84,Dog Man: Brawl of the Wild: From the Creator of Captain Underpants (Dog Man #6),Dav Pilkey,4.9,7235,4,2018,Fiction,,,,,,,
85,Dog Man: Brawl of the Wild: From the Creator of Captain Underpants (Dog Man #6),Dav Pilkey,4.9,7235,4,2019,Fiction,,,,,,,
86,Dog Man: Fetch-22: From the Creator of Captain Underpants (Dog Man #8),Dav Pilkey,4.9,12619,8,2019,Fiction,Juvenile Fiction,4.0,17.0,Scholastic Inc.,2019-12-10,240.0,en
87,Dog Man: For Whom the Ball Rolls: From the Creator of Captain Underpants (Dog Man #7),Dav Pilkey,4.9,9089,8,2019,Fiction,Juvenile Fiction,4.5,5.0,Scholastic Inc.,2019-08-13,240.0,en
88,Dog Man: Lord of the Fleas: From the Creator of Captain Underpants (Dog Man #5),Dav Pilkey,4.9,5470,6,2018,Fiction,,,,,,,
89,Double Down (Diary of a Wimpy Kid #11),Jeff Kinney,4.8,5118,20,2016,Fiction,Juvenile Fiction,4.5,35.0,Abrams,2016-11-01,228.0,en
90,Dover Creative Haven Art Nouveau Animal Designs Coloring Book (Creative Haven Coloring Books),Marty Noble,4.6,2134,5,2015,Non Fiction,Design,,,Courier Corporation,1992-10-02,68.0,en
91,Drive: The Surprising Truth About What Motivates Us,Daniel H. Pink,4.5,2525,16,2010,Non Fiction,Business & Economics,4.5,11.0,Penguin,2011-04-05,275.0,en
92,Eat This Not That! Supermarket Survival Guide: The No-Diet Weight Loss Solution,David Zinczenko,4.5,720,1,2009,Non Fiction,Health & Fitness,4.5,5.0,Rodale Books,2008-12-30,336.0,en
93,"Eat This, Not That! Thousands of Simple Food Swaps that Can Save You 10, 20, 30 Pounds--or More!",David Zinczenko,4.3,956,14,2009,Non Fiction,,,,,,,
94,"Eat to Live: The Amazing Nutrient-Rich Program for Fast and Sustained Weight Loss, Revised Edition",Joel Fuhrman MD,4.5,6346,9,2011,Non Fiction,,,,,,,
95,"Eat to Live: The Amazing Nutrient-Rich Program for Fast and Sustained Weight Loss, Revised Edition",Joel Fuhrman MD,4.5,6346,9,2012,Non Fiction,,,,,,,
96,Eclipse (Twilight Sagas),Stephenie Meyer,4.7,5505,7,2009,Fiction,,,,,,,
97,Eclipse (Twilight),Stephenie Meyer,4.7,5505,18,2009,Fiction,Juvenile Fiction,,,,2007-09-30,637.0,es
98,Educated: A Memoir,Tara Westover,4.7,28729,15,2018,Non Fiction,,,,Hutchinson,2018-02-15,400.0,en
99,Educated: A Memoir,Tara Westover,4.7,28729,15,2019,Non Fiction,,,,Hutchinson,2018-02-15,400.0,en
100,"Enchanted Forest: An Inky Quest and Coloring book (Activity Books, Mindfulness and Meditation, Illustrated Floral Prints…",Johanna Basford,4.7,5413,9,2015,Non Fiction,,,,,,,
101,Fahrenheit 451,Ray Bradbury,4.6,10721,8,2016,Fiction,Book burning in literature,,,Infobase Publishing,2008,142.0,en
102,Fahrenheit 451,Ray Bradbury,4.6,10721,8,2018,Fiction,Book burning in literature,,,Infobase Publishing,2008,142.0,en
103,Fantastic Beasts and Where to Find Them: The Original Screenplay (Harry Potter),J.K. Rowling,4.7,4370,15,2016,Fiction,,,,,,,
104,Fear: Trump in the White House,Bob Woodward,4.4,6042,2,2018,Non Fiction,Political Science,,,Simon & Schuster,2019-09-10,448.0,en
105,Fifty Shades Darker,E L James,4.4,23631,7,2012,Fiction,Fiction,,,Arrow,2017-11-28,560.0,en
106,Fifty Shades Freed: Book Three of the Fifty Shades Trilogy (Fifty Shades of Grey Series) (English Edition),E L James,4.5,20262,11,2012,Fiction,,,,,,,
107,Fifty Shades of Grey: Book One of the Fifty Shades Trilogy (Fifty Shades of Grey Series),E L James,3.8,47265,14,2012,Fiction,,,,,,,
108,Fifty Shades of Grey: Book One of the Fifty Shades Trilogy (Fifty Shades of Grey Series),E L James,3.8,47265,14,2013,Fiction,,,,,,,
109,Fifty Shades Trilogy (Fifty Shades of Grey / Fifty Shades Darker / Fifty Shades Freed),E L James,4.5,13964,32,2012,Fiction,Fiction,,,Random House Large Print,2012-06-26,0.0,en
110,Fire and Fury: Inside the Trump White House,Michael Wolff,4.2,13677,6,2018,Non Fiction,Political Science,3.5,24.0,Henry Holt and Company,2018-01-05,217.0,en
111,First 100 Words,Roger Priddy,4.7,17323,4,2014,Non Fiction,Juvenile Nonfiction,,,Macmillan,2005-08,16.0,en
112,First 100 Words,Roger Priddy,4.7,17323,4,2015,Non Fiction,Juvenile Nonfiction,,,Macmillan,2005-08,16.0,en
113,First 100 Words,Roger Priddy,4.7,17323,4,2016,Non Fiction,Juvenile Nonfiction,,,Macmillan,2005-08,16.0,en
114,First 100 Words,Roger Priddy,4.7,17323,4,2017,Non Fiction,Juvenile Nonfiction,,,Macmillan,2005-08,16.0,en
115,First 100 Words,Roger Priddy,4.7,17323,4,2018,Non Fiction,Juvenile Nonfiction,,,Macmillan,2005-08,16.0,en
116,Food Rules: An Eater's Manual,Michael Pollan,4.4,1555,9,2010,Non Fiction,Health & Fitness,4.0,3.0,Penguin,2009-12-29,162.0,en
117,Frozen (Little Golden Book),RH Disney,4.7,3642,0,2014,Fiction,,,,,2013,,en
118,"Game Change: Obama and the Clintons, McCain and Palin, and the Race of a Lifetime",John Heilemann,4.4,1215,9,2010,Non Fiction,Political Science,3.0,1.0,Harper Collins,2010-01-26,724.0,en
119,Game of Thrones Boxed Set: A Game of Thrones/A Clash of Kings/A Storm of Swords/A Feast for Crows,George R.R. Martin,4.6,5594,5,2011,Fiction,,,,,,,
120,Game of Thrones Boxed Set: A Game of Thrones/A Clash of Kings/A Storm of Swords/A Feast for Crows,George R.R. Martin,4.6,5594,5,2012,Fiction,,,,,,,
121,Game of Thrones Boxed Set: A Game of Thrones/A Clash of Kings/A Storm of Swords/A Feast for Crows,George R.R. Martin,4.6,5594,5,2013,Fiction,,,,,,,
122,George Washington's Sacred Fire,Peter A. Lillback,4.5,408,20,2010,Non Fiction,,,,,2006,0.0,en
123,George Washington's Secret Six: The Spy Ring That Saved the American Revolution,Brian Kilmeade,4.6,4799,16,2013,Non Fiction,History,4.5,4.0,Penguin,2013-11-05,226.0,en
124,Giraffes Can't Dance,Giles Andreae,4.8,14038,4,2015,Fiction,Juvenile Fiction,,,Hachette UK,2015-12-17,33.0,en
125,Giraffes Can't Dance,Giles Andreae,4.8,14038,4,2016,Fiction,Juvenile Fiction,,,Hachette UK,2015-12-17,33.0,en
126,Giraffes Can't Dance,Giles Andreae,4.8,14038,4,2017,Fiction,Juvenile Fiction,,,Hachette UK,2015-12-17,33.0,en
127,Giraffes Can't Dance,Giles Andreae,4.8,14038,4,2018,Fiction,Juvenile Fiction,,,Hachette UK,2015-12-17,33.0,en
128,Giraffes Can't Dance,Giles Andreae,4.8,14038,4,2019,Fiction,Juvenile Fiction,,,Hachette UK,2015-12-17,33.0,en
129,"Girl, Stop Apologizing: A Shame-Free Plan for Embracing and Achieving Your Goals",Rachel Hollis,4.6,7660,12,2019,Non Fiction,Business & Economics,,,HarperCollins Leadership,2019-03-05,242.0,en
130,"Girl, Wash Your Face: Stop Believing the Lies About Who You Are So You Can Become Who You Were Meant to Be",Rachel Hollis,4.6,22288,12,2018,Non Fiction,Family & Relationships,,,,2019-07-05,74.0,en
131,"Girl, Wash Your Face: Stop Believing the Lies About Who You Are So You Can Become Who You Were Meant to Be",Rachel Hollis,4.6,22288,12,2019,Non Fiction,Family & Relationships,,,,2019-07-05,74.0,en
132,"Glenn Beck's Common Sense: The Case Against an Out-of-Control Government, Inspired by Thomas Paine",Glenn Beck,4.6,1365,11,2009,Non Fiction,Political Science,4.0,24.0,Simon and Schuster,2009-06-16,193.0,en
133,Go Set a Watchman: A Novel,Harper Lee,3.6,14982,19,2015,Fiction,Fiction,5.0,1.0,Harper,2015-07-14,288.0,en
134,Go the F**k to Sleep,Adam Mansbach,4.8,9568,9,2011,Fiction,,,,,,,
135,Going Rogue: An American Life,Sarah Palin,4.6,1636,6,2009,Non Fiction,Biography & Autobiography,3.0,8.0,Harper Collins,2009-12-05,436.0,en
136,Gone Girl,Gillian Flynn,4.0,57271,10,2012,Fiction,Fiction,3.5,159.0,Ballantine Books,2012-06-05,497.0,en
137,Gone Girl,Gillian Flynn,4.0,57271,10,2013,Fiction,Fiction,3.5,159.0,Ballantine Books,2012-06-05,497.0,en
138,Gone Girl,Gillian Flynn,4.0,57271,9,2014,Fiction,Fiction,3.5,159.0,Ballantine Books,2012-06-05,497.0,en
139,Good Days Start With Gratitude: A 52 Week Guide To Cultivate An Attitude Of Gratitude: Gratitude Journal,Pretty Simple Press,4.6,10141,6,2019,Non Fiction,,,,,,,
140,Good to Great: Why Some Companies Make the Leap and Others Don't,Jim Collins,4.5,3457,14,2009,Non Fiction,Business & Economics,4.0,4.0,Harper Collins,2001-10-16,320.0,en
141,Good to Great: Why Some Companies Make the Leap and Others Don't,Jim Collins,4.5,3457,14,2010,Non Fiction,Business & Economics,4.0,4.0,Harper Collins,2001-10-16,320.0,en
142,Good to Great: Why Some Companies Make the Leap and Others Don't,Jim Collins,4.5,3457,14,2011,Non Fiction,Business & Economics,4.0,4.0,Harper Collins,2001-10-16,320.0,en
143,Good to Great: Why Some Companies Make the Leap and Others Don't,Jim Collins,4.5,3457,14,2012,Non Fiction,Business & Economics,4.0,4.0,Harper Collins,2001-10-16,320.0,en
144,Goodnight Moon,Margaret Wise Brown,4.8,8837,5,2017,Fiction,Bedtime,,,,2010,0.0,en
145,Goodnight Moon,Margaret Wise Brown,4.8,8837,5,2018,Fiction,Bedtime,,,,2010,0.0,en
146,Goodnight Moon,Margaret Wise Brown,4.8,8837,5,2019,Fiction,Bedtime,,,,2010,0.0,en
147,"Goodnight, Goodnight Construction Site (Hardcover Books for Toddlers, Preschool Books for Kids)",Sherri Duskey Rinker,4.9,7038,7,2012,Fiction,,,,,,,
148,"Goodnight, Goodnight Construction Site (Hardcover Books for Toddlers, Preschool Books for Kids)",Sherri Duskey Rinker,4.9,7038,7,2013,Fiction,,,,,,,
149,"Grain Brain: The Surprising Truth about Wheat, Carbs, and Sugar--Your Brain's Silent Killers",David Perlmutter MD,4.6,5972,10,2014,Non Fiction,,,,,,,
150,Grey: Fifty Shades of Grey as Told by Christian (Fifty Shades of Grey Series),E L James,4.4,25624,14,2015,Fiction,,,,,,,
151,Guts,Raina Telgemeier,4.8,5476,7,2019,Non Fiction,Juvenile Nonfiction,4.0,47.0,Scholastic Inc.,2019-09-17,227.0,en
152,Hamilton: The Revolution,Lin-Manuel Miranda,4.9,5867,54,2016,Non Fiction,Performing Arts,5.0,1.0,Hachette UK,2016-10-06,290.0,en
153,"Happy, Happy, Happy: My Life and Legacy as the Duck Commander",Phil Robertson,4.8,4148,11,2013,Non Fiction,Biography & Autobiography,5.0,2.0,Simon and Schuster,2013-05-07,198.0,en
154,"Harry Potter and the Chamber of Secrets: The Illustrated Edition (Harry Potter, Book 2)",J.K. Rowling,4.9,19622,30,2016,Fiction,,,,,,,
155,"Harry Potter and the Cursed Child, Parts 1 & 2, Special Rehearsal Edition Script",J.K. Rowling,4.0,23973,12,2016,Fiction,,,,,,,
156,"Harry Potter and the Goblet of Fire: The Illustrated Edition (Harry Potter, Book 4) (4)",J. K. Rowling,4.9,7758,18,2019,Fiction,,,,,,,
157,"Harry Potter and the Prisoner of Azkaban: The Illustrated Edition (Harry Potter, Book 3)",J.K. Rowling,4.9,3146,30,2017,Fiction,,,,,,,
158,"Harry Potter and the Sorcerer's Stone: The Illustrated Edition (Harry Potter, Book 1)",J.K. Rowling,4.9,10052,22,2016,Fiction,,,,,,,
159,Harry Potter Coloring Book,Scholastic,4.7,3564,9,2015,Non Fiction,,2.0,3.0,Createspace Independent Publishing Platform,2017-07-05,250.0,en
160,Harry Potter Paperback Box Set (Books 1-7),J. K. Rowling,4.8,13471,52,2016,Fiction,,,,,2023-05-02,0.0,en
161,Have a Little Faith: A True Story,Mitch Albom,4.8,1930,4,2009,Non Fiction,Religion,,,Hachette UK,2011-06-14,209.0,en
162,Heaven is for Real: A Little Boy's Astounding Story of His Trip to Heaven and Back,Todd Burpo,4.7,15779,10,2011,Non Fiction,Religion,4.0,766.0,Thomas Nelson,2011-10-31,206.0,en
163,Heaven is for Real: A Little Boy's Astounding Story of His Trip to Heaven and Back,Todd Burpo,4.7,15779,10,2012,Non Fiction,Religion,4.0,766.0,Thomas Nelson,2011-10-31,206.0,en
164,Hillbilly Elegy: A Memoir of a Family and Culture in Crisis,J. D. Vance,4.4,15526,14,2016,Non Fiction,History,4.5,3.0,HarperCollins,2018-05-01,270.0,en
165,Hillbilly Elegy: A Memoir of a Family and Culture in Crisis,J. D. Vance,4.4,15526,14,2017,Non Fiction,History,4.5,3.0,HarperCollins,2018-05-01,270.0,en
166,Homebody: A Guide to Creating Spaces You Never Want to Leave,Joanna Gaines,4.8,3776,22,2018,Non Fiction,House & Home,,,HarperCollins,2018-11-06,525.0,en
167,How to Win Friends & Influence People,Dale Carnegie,4.7,25001,11,2014,Non Fiction,Self-Help,,,e-artnow,2017-10-16,251.0,en
168,How to Win Friends & Influence People,Dale Carnegie,4.7,25001,11,2015,Non Fiction,Self-Help,,,e-artnow,2017-10-16,251.0,en
169,How to Win Friends & Influence People,Dale Carnegie,4.7,25001,11,2016,Non Fiction,Self-Help,,,e-artnow,2017-10-16,251.0,en
170,How to Win Friends & Influence People,Dale Carnegie,4.7,25001,11,2017,Non Fiction,Self-Help,,,e-artnow,2017-10-16,251.0,en
171,How to Win Friends & Influence People,Dale Carnegie,4.7,25001,11,2018,Non Fiction,Self-Help,,,e-artnow,2017-10-16,251.0,en
172,Howard Stern Comes Again,Howard Stern,4.3,5272,16,2019,Non Fiction,Biography & Autobiography,1.0,2.0,Simon and Schuster,2019-05-14,560.0,en
173,Humans of New York,Brandon Stanton,4.8,3490,15,2013,Non Fiction,Photography,,,St. Martin's Press,2013-10-15,308.0,en
174,Humans of New York,Brandon Stanton,4.8,3490,15,2014,Non Fiction,Photography,,,St. Martin's Press,2013-10-15,308.0,en
175,Humans of New York : Stories,Brandon Stanton,4.9,2812,17,2015,Non Fiction,Photography,5.0,1.0,Pan Macmillan,2015-10-13,433.0,en
176,"Hyperbole and a Half: Unfortunate Situations, Flawed Coping Mechanisms, Mayhem, and Other Things That Happened",Allie Brosh,4.7,4896,17,2013,Non Fiction,Art,5.0,2.0,Simon and Schuster,2013-10-29,384.0,en
177,"I Am Confident, Brave & Beautiful: A Coloring Book for Girls",Hopscotch Girls,4.8,9737,7,2019,Non Fiction,,,,,2020-12-29,52.0,en
178,"I, Alex Cross",James Patterson,4.6,1320,7,2009,Fiction,Fiction,,,Vision,2010-10-01,400.0,en
179,If Animals Kissed Good Night,Ann Whitford Paul,4.8,16643,4,2017,Fiction,Juvenile Fiction,,,"Farrar, Straus & Giroux (BYR)",2022-09-13,0.0,en
180,If Animals Kissed Good Night,Ann Whitford Paul,4.8,16643,4,2019,Fiction,Juvenile Fiction,,,"Farrar, Straus & Giroux (BYR)",2022-09-13,0.0,en
181,If I Stay,Gayle Forman,4.3,7153,9,2014,Fiction,Young Adult Fiction,4.0,44.0,Penguin,2009-04-02,207.0,en
182,"In the Garden of Beasts: Love, Terror, and an American Family in Hitler's Berlin",Eric Larson,4.4,4571,21,2011,Non Fiction,Political Science,,,Idreambooks,2016-04-04,28.0,en
183,Inferno,Dan Brown,4.1,29651,14,2013,Fiction,Fiction,,,MEHTA PUBLISHING HOUSE,2016-09-30,11.0,mr
184,Inheritance: Book IV (Inheritance Cycle),Christopher Paolini,4.6,5299,20,2011,Fiction,,,,,2004,0.0,fr
185,Instant Pot Pressure Cooker Cookbook: 500 Everyday Recipes for Beginners and Advanced Users. Try Easy and Healthy…,Jennifer Smith,4.4,7396,13,2019,Non Fiction,,,,,,,
186,Instant Pot Pressure Cooker Cookbook: 500 Everyday Recipes for Beginners and Advanced Users. Try Easy and Healthy…,Jennifer Smith,4.4,7396,13,2018,Non Fiction,,,,,,,
187,It's Not Supposed to Be This Way: Finding Unexpected Strength When Disappointments Leave You Shattered,Lysa TerKeurst,4.8,7062,12,2019,Non Fiction,Religion,,,Harperchristian Resources,2018-11-20,0.0,en
188,Jesus Calling: Enjoying Peace in His Presence (with Scripture References),Sarah Young,4.9,19576,8,2011,Non Fiction,,,,,,,
189,Jesus Calling: Enjoying Peace in His Presence (with Scripture References),Sarah Young,4.9,19576,8,2012,Non Fiction,,,,,,,
190,Jesus Calling: Enjoying Peace in His Presence (with Scripture References),Sarah Young,4.9,19576,8,2013,Non Fiction,,,,,,,
191,Jesus Calling: Enjoying Peace in His Presence (with Scripture References),Sarah Young,4.9,19576,8,2014,Non Fiction,,,,,,,
192,Jesus Calling: Enjoying Peace in His Presence (with Scripture References),Sarah Young,4.9,19576,8,2015,Non Fiction,,,,,,,
193,Jesus Calling: Enjoying Peace in His Presence (with Scripture References),Sarah Young,4.9,19576,8,2016,Non Fiction,,,,,,,
194,JOURNEY TO THE ICE P,RH Disney,4.6,978,0,2014,Fiction,,,,,,,
195,Joyland (Hard Case Crime),Stephen King,4.5,4748,12,2013,Fiction,,,,,,,
196,Killers of the Flower Moon: The Osage Murders and the Birth of the FBI,David Grann,4.6,8393,17,2017,Non Fiction,True Crime,4.5,5.0,Vintage,2017-04-18,353.0,en
197,Killing Jesus (Bill O'Reilly's Killing Series),Bill O'Reilly,4.5,11391,12,2013,Non Fiction,,,,,,,
198,Killing Kennedy: The End of Camelot,Bill O'Reilly,4.6,8634,25,2012,Non Fiction,Political crimes and offenses,,,MacMillan,2012-10,325.0,en
199,Killing Lincoln: The Shocking Assassination that Changed America Forever (Bill O'Reilly's Killing Series),Bill O'Reilly,4.7,9342,10,2011,Non Fiction,,,,,,,
200,Killing Lincoln: The Shocking Assassination that Changed America Forever (Bill O'Reilly's Killing Series),Bill O'Reilly,4.7,9342,10,2012,Non Fiction,,,,,,,
201,Killing Patton: The Strange Death of World War II's Most Audacious General (Bill O'Reilly's Killing Series),Bill O'Reilly,4.6,10927,6,2014,Non Fiction,,,,,,,
202,Killing Reagan: The Violent Assault That Changed a Presidency (Bill O'Reilly's Killing Series),Bill O'Reilly,4.6,5235,5,2015,Non Fiction,,,,,,,
203,Killing the Rising Sun: How America Vanquished World War II Japan (Bill O'Reilly's Killing Series),Bill O'Reilly,4.8,8916,6,2016,Non Fiction,,,,,,,
204,Kitchen Confidential Updated Edition: Adventures in the Culinary Underbelly (P.S.),Anthony Bourdain,4.8,2507,8,2018,Non Fiction,,,,,,,
205,Knock-Knock Jokes for Kids,Rob Elliott,4.5,3673,4,2013,Non Fiction,Juvenile Nonfiction,5.0,2.0,Baker Books,2013-06-15,127.0,en
206,Knock-Knock Jokes for Kids,Rob Elliott,4.5,3673,4,2014,Non Fiction,Juvenile Nonfiction,5.0,2.0,Baker Books,2013-06-15,127.0,en
207,Knock-Knock Jokes for Kids,Rob Elliott,4.5,3673,4,2015,Non Fiction,Juvenile Nonfiction,5.0,2.0,Baker Books,2013-06-15,127.0,en
208,"Last Week Tonight with John Oliver Presents A Day in the Life of Marlon Bundo (Better Bundo Book, LGBT Childrens Book)",Jill Twiss,4.9,11881,13,2018,Fiction,,,,,,,
209,Laugh-Out-Loud Jokes for Kids,Rob Elliott,4.6,6990,4,2013,Non Fiction,Juvenile Nonfiction,,,Revell,2014-06-10,154.0,en
210,Laugh-Out-Loud Jokes for Kids,Rob Elliott,4.6,6990,4,2014,Non Fiction,Juvenile Nonfiction,,,Revell,2014-06-10,154.0,en
211,Laugh-Out-Loud Jokes for Kids,Rob Elliott,4.6,6990,4,2015,Non Fiction,Juvenile Nonfiction,,,Revell,2014-06-10,154.0,en
212,Laugh-Out-Loud Jokes for Kids,Rob Elliott,4.6,6990,4,2016,Non Fiction,Juvenile Nonfiction,,,Revell,2014-06-10,154.0,en
213,Laugh-Out-Loud Jokes for Kids,Rob Elliott,4.6,6990,4,2017,Non Fiction,Juvenile Nonfiction,,,Revell,2014-06-10,154.0,en
214,"Lean In: Women, Work, and the Will to Lead",Sheryl Sandberg,4.5,6132,13,2013,Non Fiction,Biography & Autobiography,4.0,1.0,Vintage Books,2015-08,0.0,en
215,Leonardo da Vinci,Walter Isaacson,4.5,3014,21,2017,Non Fiction,Art,4.5,2.0,Simon and Schuster,2017-10-17,624.0,en
216,Lettering and Modern Calligraphy: A Beginner's Guide: Learn Hand Lettering and Brush Lettering,Paper Peony Press,4.4,7550,6,2018,Non Fiction,,,,,2017-10-27,112.0,en
217,Liberty and Tyranny: A Conservative Manifesto,Mark R. Levin,4.8,3828,15,2009,Non Fiction,Political Science,4.0,15.0,Simon and Schuster,2009-03-24,259.0,en
218,Life,Keith Richards,4.5,2752,18,2010,Non Fiction,Rock musicians,,,Phoenix,2012,630.0,en
219,Little Bee: A Novel,Chris Cleave,4.1,1467,10,2010,Fiction,Fiction,1.0,1.0,Simon and Schuster,2009-02-10,304.0,en
220,Little Blue Truck,Alice Schertle,4.9,1884,0,2014,Fiction,Juvenile Nonfiction,5.0,1.0,Houghton Mifflin Harcourt,2009,33.0,en
221,Little Fires Everywhere,Celeste Ng,4.5,25706,12,2018,Fiction,Fiction,,,Penguin,2017-09-12,354.0,en
222,Looking for Alaska,John Green,4.5,8491,7,2014,Fiction,Young Adult Fiction,4.5,84.0,Penguin,2008-08-14,268.0,en
223,"Love Wins: A Book About Heaven, Hell, and the Fate of Every Person Who Ever Lived",Rob Bell,4.2,1649,13,2011,Non Fiction,Religion,,,Harper Collins,2011-11-15,307.0,en
224,Love You Forever,Robert Munsch,4.8,18613,5,2014,Fiction,Juvenile Nonfiction,4.5,43.0,Firefly Books,2003,36.0,en
225,Love You Forever,Robert Munsch,4.8,18613,5,2015,Fiction,Juvenile Nonfiction,4.5,43.0,Firefly Books,2003,36.0,en
226,Magnolia Table: A Collection of Recipes for Gathering,Joanna Gaines,4.8,9867,16,2018,Non Fiction,Cooking,5.0,1.0,HarperCollins,2018-04-24,537.0,en
227,Make It Ahead: A Barefoot Contessa Cookbook,Ina Garten,4.5,1386,20,2014,Non Fiction,Cooking,,,Clarkson Potter,2014-10-28,274.0,en
228,Make Your Bed: Little Things That Can Change Your Life...And Maybe the World,Admiral William H. McRaven,4.7,10199,11,2017,Non Fiction,Business & Economics,,,Summareads Media LLC,2020-01-30,52.0,en
229,"Mastering the Art of French Cooking, Vol. 2",Julia Child,4.8,2926,27,2009,Non Fiction,Cooking,5.0,6.0,Knopf,2011-10-05,858.0,en
230,Milk and Honey,Rupi Kaur,4.7,17739,8,2016,Non Fiction,"Body, Mind & Spirit",5.0,1.0,,2018-08-28,226.0,en
231,Milk and Honey,Rupi Kaur,4.7,17739,8,2017,Non Fiction,"Body, Mind & Spirit",5.0,1.0,,2018-08-28,226.0,en
232,Milk and Honey,Rupi Kaur,4.7,17739,8,2018,Non Fiction,"Body, Mind & Spirit",5.0,1.0,,2018-08-28,226.0,en
233,Milk and Vine: Inspirational Quotes From Classic Vines,Adam Gasiewski,4.4,3113,6,2017,Non Fiction,Humor,3.0,2.0,Independently Published,2017-10-22,78.0,en
234,Mindset: The New Psychology of Success,Carol S. Dweck,4.6,5542,10,2014,Non Fiction,Psychology,4.5,11.0,Random House,2006-02-28,290.0,en
235,Mindset: The New Psychology of Success,Carol S. Dweck,4.6,5542,10,2015,Non Fiction,Psychology,4.5,11.0,Random House,2006-02-28,290.0,en
236,Mindset: The New Psychology of Success,Carol S. Dweck,4.6,5542,10,2016,Non Fiction,Psychology,4.5,11.0,Random House,2006-02-28,290.0,en
237,Mockingjay (The Hunger Games),Suzanne Collins,4.5,26741,8,2010,Fiction,Juvenile Fiction,,,Scholastic Paperbacks,2014-09-30,390.0,en
238,Mockingjay (The Hunger Games),Suzanne Collins,4.5,26741,8,2011,Fiction,Juvenile Fiction,,,Scholastic Paperbacks,2014-09-30,390.0,en
239,Mockingjay (The Hunger Games),Suzanne Collins,4.5,26741,8,2012,Fiction,Juvenile Fiction,,,Scholastic Paperbacks,2014-09-30,390.0,en
240,"National Geographic Kids Why?: Over 1,111 Answers to Everything",Crispin Boyer,4.8,5347,16,2019,Non Fiction,Juvenile Nonfiction,,,National Geographic Books,2015,228.0,en
241,National Geographic Little Kids First Big Book of Why (National Geographic Little Kids First Big Books),Amy Shields,4.8,7866,11,2019,Non Fiction,Juvenile Nonfiction,,,Random House,2011-05-10,0.0,en
242,New Moon (The Twilight Saga),Stephenie Meyer,4.6,5680,10,2009,Fiction,Juvenile Fiction,4.0,30.0,Hachette UK,2009-02-26,397.0,en
243,Night (Night),Elie Wiesel,4.7,5178,9,2016,Non Fiction,,,,Createspace Independent Publishing Platform,2017-07-04,234.0,en
244,No Easy Day: The Autobiography of a Navy Seal: The Firsthand Account of the Mission That Killed Osama Bin Laden,Mark Owen,4.6,8093,14,2012,Non Fiction,Biography & Autobiography,4.0,416.0,Penguin,2012-09-04,334.0,en
245,Obama: An Intimate Portrait,Pete Souza,4.9,3192,22,2017,Non Fiction,Photography,,,Hachette UK,2017-11-07,699.0,en
246,"Oh, the Places You'll Go!",Dr. Seuss,4.9,21834,8,2012,Fiction,Juvenile Fiction,2.0,3.0,RH Childrens Books,2013-09-24,29.0,en
247,"Oh, the Places You'll Go!",Dr. Seuss,4.9,21834,8,2013,Fiction,Juvenile Fiction,2.0,3.0,RH Childrens Books,2013-09-24,29.0,en
248,"Oh, the Places You'll Go!",Dr. Seuss,4.9,21834,8,2014,Fiction,Juvenile Fiction,2.0,3.0,RH Childrens Books,2013-09-24,29.0,en
249,"Oh, the Places You'll Go!",Dr. Seuss,4.9,21834,8,2015,Fiction,Juvenile Fiction,2.0,3.0,RH Childrens Books,2013-09-24,29.0,en
250,"Oh, the Places You'll Go!",Dr. Seuss,4.9,21834,8,2016,Fiction,Juvenile Fiction,2.0,3.0,RH Childrens Books,2013-09-24,29.0,en
251,"Oh, the Places You'll Go!",Dr. Seuss,4.9,21834,8,2017,Fiction,Juvenile Fiction,2.0,3.0,RH Childrens Books,2013-09-24,29.0,en
252,"Oh, the Places You'll Go!",Dr. Seuss,4.9,21834,8,2018,Fiction,Juvenile Fiction,2.0,3.0,RH Childrens Books,2013-09-24,29.0,en
253,"Oh, the Places You'll Go!",Dr. Seuss,4.9,21834,8,2019,Fiction,Juvenile Fiction,2.0,3.0,RH Childrens Books,2013-09-24,29.0,en
254,Old School (Diary of a Wimpy Kid #10),Jeff Kinney,4.8,6169,7,2015,Fiction,Juvenile Fiction,5.0,1.0,Amulet Books,2015-11-03,224.0,en
255,Olive Kitteridge,Elizabeth Strout,4.2,4519,12,2009,Fiction,Fiction,4.0,13.0,Random House,2008-03-25,290.0,en
256,One Thousand Gifts: A Dare to Live Fully Right Where You Are,Ann Voskamp,4.6,3163,13,2011,Non Fiction,Religion,5.0,3.0,Thomas Nelson,2011-01-04,244.0,en
257,One Thousand Gifts: A Dare to Live Fully Right Where You Are,Ann Voskamp,4.6,3163,13,2012,Non Fiction,Religion,5.0,3.0,Thomas Nelson,2011-01-04,244.0,en
258,"Option B: Facing Adversity, Building Resilience, and Finding Joy",Sheryl Sandberg,4.5,1831,9,2017,Non Fiction,Biography & Autobiography,,,Knopf,2017-04-24,241.0,en
259,Origin: A Novel (Robert Langdon),Dan Brown,4.3,18904,13,2017,Fiction,,,,,,,
260,Orphan Train,Christina Baker Kline,4.6,21930,11,2014,Fiction,Fiction,,,HarperLuxe,2019-01-08,432.0,en
261,Outliers: The Story of Success,Malcolm Gladwell,4.6,10426,20,2009,Non Fiction,Business & Economics,4.0,1.0,Hachette UK,2008-11-18,169.0,en
262,Outliers: The Story of Success,Malcolm Gladwell,4.6,10426,20,2010,Non Fiction,Business & Economics,4.0,1.0,Hachette UK,2008-11-18,169.0,en
263,P is for Potty! (Sesame Street) (Lift-the-Flap),Naomi Kleinberg,4.7,10820,5,2018,Non Fiction,Juvenile Fiction,,,National Geographic Books,2014-07-22,0.0,en
264,P is for Potty! (Sesame Street) (Lift-the-Flap),Naomi Kleinberg,4.7,10820,5,2019,Non Fiction,Juvenile Fiction,,,National Geographic Books,2014-07-22,0.0,en
265,Percy Jackson and the Olympians Paperback Boxed Set (Books 1-3),Rick Riordan,4.8,548,2,2010,Fiction,,,,,,,
266,Player's Handbook (Dungeons & Dragons),Wizards RPG Team,4.8,16990,27,2017,Fiction,Games & Activities,,,Wizards of the Coast,2014-08-19,0.0,en
267,Player's Handbook (Dungeons & Dragons),Wizards RPG Team,4.8,16990,27,2018,Fiction,Games & Activities,,,Wizards of the Coast,2014-08-19,0.0,en
268,Player's Handbook (Dungeons & Dragons),Wizards RPG Team,4.8,16990,27,2019,Fiction,Games & Activities,,,Wizards of the Coast,2014-08-19,0.0,en
269,Pokémon Deluxe Essential Handbook: The Need-to-Know Stats and Facts on Over 700 Pokémon,Scholastic,4.7,3503,9,2016,Fiction,Nintendo video games,,,,2015,432.0,en
270,Proof of Heaven: A Neurosurgeon's Journey into the Afterlife,Eben Alexander,4.3,13616,10,2012,Non Fiction,"Body, Mind & Spirit",5.0,3.0,Hachette UK,2012-10-23,152.0,en
271,Proof of Heaven: A Neurosurgeon's Journey into the Afterlife,Eben Alexander,4.3,13616,10,2013,Non Fiction,"Body, Mind & Spirit",5.0,3.0,Hachette UK,2012-10-23,152.0,en
272,"Publication Manual of the American Psychological Association, 6th Edition",American Psychological Association,4.5,8580,46,2009,Non Fiction,,,,,2015-07-26,296.0,en
273,"Publication Manual of the American Psychological Association, 6th Edition",American Psychological Association,4.5,8580,46,2010,Non Fiction,,,,,2015-07-26,296.0,en
274,"Publication Manual of the American Psychological Association, 6th Edition",American Psychological Association,4.5,8580,46,2011,Non Fiction,,,,,2015-07-26,296.0,en
275,"Publication Manual of the American Psychological Association, 6th Edition",American Psychological Association,4.5,8580,46,2012,Non Fiction,,,,,2015-07-26,296.0,en
276,"Publication Manual of the American Psychological Association, 6th Edition",American Psychological Association,4.5,8580,46,2013,Non Fiction,,,,,2015-07-26,296.0,en
277,"Publication Manual of the American Psychological Association, 6th Edition",American Psychological Association,4.5,8580,46,2014,Non Fiction,,,,,2015-07-26,296.0,en
278,"Publication Manual of the American Psychological Association, 6th Edition",American Psychological Association,4.5,8580,46,2015,Non Fiction,,,,,2015-07-26,296.0,en
279,"Publication Manual of the American Psychological Association, 6th Edition",American Psychological Association,4.5,8580,46,2016,Non Fiction,,,,,2015-07-26,296.0,en
280,"Publication Manual of the American Psychological Association, 6th Edition",American Psychological Association,4.5,8580,46,2017,Non Fiction,,,,,2015-07-26,296.0,en
281,"Publication Manual of the American Psychological Association, 6th Edition",American Psychological Association,4.5,8580,46,2018,Non Fiction,,,,,2015-07-26,296.0,en
282,Puppy Birthday to You! (Paw Patrol) (Little Golden Book),Golden Books,4.8,4757,4,2017,Fiction,Juvenile Fiction,,,Golden Books,2022-02-08,0.0,en
283,Quiet: The Power of Introverts in a World That Can't Stop Talking,Susan Cain,4.6,10009,20,2012,Non Fiction,Psychology,,,Turtleback Books,2013,0.0,en
284,Quiet: The Power of Introverts in a World That Can't Stop Talking,Susan Cain,4.6,10009,7,2013,Non Fiction,Psychology,,,Turtleback Books,2013,0.0,en
285,Radical: Taking Back Your Faith from the American Dream,David Platt,4.7,1985,9,2010,Non Fiction,Religion,4.0,14.0,Multnomah,2010-05-04,242.0,en
286,Radical: Taking Back Your Faith from the American Dream,David Platt,4.7,1985,9,2011,Non Fiction,Religion,4.0,14.0,Multnomah,2010-05-04,242.0,en
287,Ready Player One: A Novel,Ernest Cline,4.6,22536,12,2017,Fiction,Fiction,5.0,2.0,Broadway Books,2018-01-30,0.0,en
288,Ready Player One: A Novel,Ernest Cline,4.6,22536,12,2018,Fiction,Fiction,5.0,2.0,Broadway Books,2018-01-30,0.0,en
289,Rush Revere and the Brave Pilgrims: Time-Travel Adventures with Exceptional Americans (1),Rush Limbaugh,4.9,7150,12,2013,Fiction,,,,,,,
290,Rush Revere and the First Patriots: Time-Travel Adventures With Exceptional Americans (2),Rush Limbaugh,4.9,3836,12,2014,Fiction,,,,,,,
291,"Salt, Fat, Acid, Heat: Mastering the Elements of Good Cooking",Samin Nosrat,4.8,7802,20,2018,Non Fiction,Cooking,,,Canongate Books,2017-08-29,524.0,en
292,"Salt, Fat, Acid, Heat: Mastering the Elements of Good Cooking",Samin Nosrat,4.8,7802,20,2019,Non Fiction,Cooking,,,Canongate Books,2017-08-29,524.0,en
293,Sarah's Key,Tatiana de Rosnay,4.6,3619,10,2010,Fiction,Fiction,5.0,1.0,Hachette UK,2008-02-07,256.0,en
294,"School Zone - Big Preschool Workbook - Ages 4 and Up, Colors, Shapes, Numbers 1-10, Alphabet, Pre-Writing, Pre-Reading…",School Zone,4.8,23047,6,2018,Non Fiction,,,,,,,
295,"School Zone - Big Preschool Workbook - Ages 4 and Up, Colors, Shapes, Numbers 1-10, Alphabet, Pre-Writing, Pre-Reading…",School Zone,4.8,23047,6,2019,Non Fiction,,,,,,,
296,"Secret Garden: An Inky Treasure Hunt and Coloring Book (For Adults, mindfulness coloring)",Johanna Basford,4.7,9366,9,2015,Non Fiction,Games & Activities,5.0,1.0,Laurence King Publishing,2013-03-26,0.0,en
297,Sh*t My Dad Says,Justin Halpern,4.7,1265,11,2010,Non Fiction,Humor,4.0,1.0,Harper Collins,2010-05-04,180.0,en
298,Ship of Fools: How a Selfish Ruling Class Is Bringing America to the Brink of Revolution,Tucker Carlson,4.8,3923,16,2018,Non Fiction,,,,,2019,94.0,en
299,Shred: The Revolutionary Diet: 6 Weeks 4 Inches 2 Sizes,Ian K. Smith M.D.,4.1,2272,6,2013,Non Fiction,Health & Fitness,,,St. Martin's Paperbacks,2015-12-29,0.0,en
300,Sookie Stackhouse,Charlaine Harris,4.7,973,25,2009,Fiction,Fiction,,,Penguin,2009-10-06,118.0,en
301,"Soul Healing Miracles: Ancient and New Sacred Wisdom, Knowledge, and Practical Techniques for Healing the Spiritual…",Zhi Gang Sha,4.6,220,17,2013,Non Fiction,,,,,,,
302,Steve Jobs,Walter Isaacson,4.6,7827,20,2011,Non Fiction,Biography & Autobiography,3.5,5.0,Simon and Schuster,2011,656.0,en
303,Steve Jobs,Walter Isaacson,4.6,7827,20,2012,Non Fiction,Biography & Autobiography,3.5,5.0,Simon and Schuster,2011,656.0,en
304,Strange Planet (Strange Planet Series),Nathan W. Pyle,4.9,9382,6,2019,Fiction,,,,,,,
305,StrengthsFinder 2.0,Gallup,4.0,5069,17,2009,Non Fiction,Business & Economics,,,Campus Verlag,2022-07-20,131.0,de
306,StrengthsFinder 2.0,Gallup,4.0,5069,17,2010,Non Fiction,Business & Economics,,,Campus Verlag,2022-07-20,131.0,de
307,StrengthsFinder 2.0,Gallup,4.0,5069,17,2011,Non Fiction,Business & Economics,,,Campus Verlag,2022-07-20,131.0,de
308,StrengthsFinder 2.0,Gallup,4.0,5069,17,2012,Non Fiction,Business & Economics,,,Campus Verlag,2022-07-20,131.0,de
309,StrengthsFinder 2.0,Gallup,4.0,5069,17,2013,Non Fiction,Business & Economics,,,Campus Verlag,2022-07-20,131.0,de
310,StrengthsFinder 2.0,Gallup,4.0,5069,17,2014,Non Fiction,Business & Economics,,,Campus Verlag,2022-07-20,131.0,de
311,StrengthsFinder 2.0,Gallup,4.0,5069,17,2015,Non Fiction,Business & Economics,,,Campus Verlag,2022-07-20,131.0,de
312,StrengthsFinder 2.0,Gallup,4.0,5069,17,2016,Non Fiction,Business & Economics,,,Campus Verlag,2022-07-20,131.0,de
313,StrengthsFinder 2.0,Gallup,4.0,5069,17,2017,Non Fiction,Business & Economics,,,Campus Verlag,2022-07-20,131.0,de
314,"Super Freakonomics: Global Cooling, Patriotic Prostitutes, and Why Suicide Bombers Should Buy Life Insurance",Steven D. Levitt,4.5,1583,18,2009,Non Fiction,History,,,Harper Collins,2009-10-20,288.0,en
315,Switch: How to Change Things When Change Is Hard,Chip Heath,4.6,1907,13,2010,Non Fiction,Business & Economics,5.0,8.0,Crown Currency,2010-02-16,322.0,en
316,Sycamore Row (Jake Brigance),John Grisham,4.5,23114,18,2013,Fiction,Fiction,,,Hodder Paperbacks,2025-06-05,0.0,en
317,Teach Like a Champion: 49 Techniques that Put Students on the Path to College,Doug Lemov,4.4,637,20,2010,Non Fiction,Education,5.0,2.0,John Wiley & Sons,2010-03-04,128.0,en
318,Teach Like a Champion: 49 Techniques that Put Students on the Path to College,Doug Lemov,4.4,637,20,2011,Non Fiction,Education,5.0,2.0,John Wiley & Sons,2010-03-04,128.0,en
319,The 17 Day Diet: A Doctor's Plan Designed for Rapid Results,Mike Moreno,4.3,2314,22,2011,Non Fiction,Reducing diets,3.0,1.0,Simon & Schuster Limited,2011,256.0,en
320,"The 4 Hour Body: An Uncommon Guide to Rapid Fat Loss, Incredible Sex and Becoming Superhuman",Timothy Ferriss,4.3,4587,21,2011,Non Fiction,Health & Fitness,4.0,1.0,Random House of Canada,2010,571.0,en
321,The 5 Love Languages: The Secret to Love That Lasts,Gary Chapman,4.7,3477,28,2010,Non Fiction,Family & Relationships,4.5,4.0,Moody Publishers,2024-06-01,183.0,en
322,The 5 Love Languages: The Secret to Love That Lasts,Gary Chapman,4.7,3477,28,2011,Non Fiction,Family & Relationships,4.5,4.0,Moody Publishers,2024-06-01,183.0,en
323,The 5 Love Languages: The Secret to Love That Lasts,Gary Chapman,4.7,3477,28,2012,Non Fiction,Family & Relationships,4.5,4.0,Moody Publishers,2024-06-01,183.0,en
324,The 5 Love Languages: The Secret to Love That Lasts,Gary Chapman,4.7,3477,28,2013,Non Fiction,Family & Relationships,4.5,4.0,Moody Publishers,2024-06-01,183.0,en
325,The 5 Love Languages: The Secret to Love That Lasts,Gary Chapman,4.7,3477,28,2014,Non Fiction,Family & Relationships,4.5,4.0,Moody Publishers,2024-06-01,183.0,en
326,The 5 Love Languages: The Secret to Love that Lasts,Gary Chapman,4.8,25554,8,2015,Non Fiction,Family & Relationships,4.5,4.0,Moody Publishers,2024-06-01,183.0,en
327,The 5 Love Languages: The Secret to Love that Lasts,Gary Chapman,4.8,25554,8,2016,Non Fiction,Family & Relationships,4.5,4.0,Moody Publishers,2024-06-01,183.0,en
328,The 5 Love Languages: The Secret to Love that Lasts,Gary Chapman,4.8,25554,8,2017,Non Fiction,Family & Relationships,4.5,4.0,Moody Publishers,2024-06-01,183.0,en
329,The 5 Love Languages: The Secret to Love that Lasts,Gary Chapman,4.8,25554,8,2018,Non Fiction,Family & Relationships,4.5,4.0,Moody Publishers,2024-06-01,183.0,en
330,The 5 Love Languages: The Secret to Love that Lasts,Gary Chapman,4.8,25554,8,2019,Non Fiction,Family & Relationships,4.5,4.0,Moody Publishers,2024-06-01,183.0,en
331,The 5000 Year Leap,W. Cleon Skousen,4.8,1680,12,2009,Non Fiction,,,,,2011,337.0,en
332,The 7 Habits of Highly Effective People: Powerful Lessons in Personal Change,Stephen R. Covey,4.6,9325,24,2009,Non Fiction,Character,4.5,23.0,Simon and Schuster,2004,392.0,en
333,The 7 Habits of Highly Effective People: Powerful Lessons in Personal Change,Stephen R. Covey,4.6,9325,24,2011,Non Fiction,Character,4.5,23.0,Simon and Schuster,2004,392.0,en
334,The 7 Habits of Highly Effective People: Powerful Lessons in Personal Change,Stephen R. Covey,4.6,9325,24,2012,Non Fiction,Character,4.5,23.0,Simon and Schuster,2004,392.0,en
335,The 7 Habits of Highly Effective People: Powerful Lessons in Personal Change,Stephen R. Covey,4.6,9325,24,2013,Non Fiction,Character,4.5,23.0,Simon and Schuster,2004,392.0,en
336,The 7 Habits of Highly Effective People: Powerful Lessons in Personal Change,Stephen R. Covey,4.7,4725,16,2015,Non Fiction,Character,4.5,23.0,Simon and Schuster,2004,392.0,en
337,The 7 Habits of Highly Effective People: Powerful Lessons in Personal Change,Stephen R. Covey,4.7,4725,16,2016,Non Fiction,Character,4.5,23.0,Simon and Schuster,2004,392.0,en
338,The 7 Habits of Highly Effective People: Powerful Lessons in Personal Change,Stephen R. Covey,4.7,4725,16,2017,Non Fiction,Character,4.5,23.0,Simon and Schuster,2004,392.0,en
339,The Alchemist,Paulo Coelho,4.7,35799,39,2014,Fiction,Business & Economics,4.5,188.0,Harper Collins,2009-10-13,196.0,en
340,The Amateur,Edward Klein,4.6,2580,9,2012,Non Fiction,Political Science,,,Simon and Schuster,2012-05-14,290.0,en
341,The Art of Racing in the Rain: A Novel,Garth Stein,4.7,11813,10,2010,Fiction,Biography & Autobiography,,,HarperCollins UK,2009,23.0,en
342,The Art of Racing in the Rain: A Novel,Garth Stein,4.7,11813,10,2011,Fiction,Biography & Autobiography,,,HarperCollins UK,2009,23.0,en
343,The Big Short: Inside the Doomsday Machine,Michael Lewis,4.7,3536,17,2010,Non Fiction,Business & Economics,,,W. W. Norton & Company,2015-11-16,361.0,en
344,The Blood of Olympus (The Heroes of Olympus (5)),Rick Riordan,4.8,6600,11,2014,Fiction,Camps,,,Puffin Books,2014,0.0,en
345,"The Blood Sugar Solution: The UltraHealthy Program for Losing Weight, Preventing Disease, and Feeling Great Now!",Mark Hyman M.D.,4.2,1789,14,2012,Non Fiction,Health & Fitness,,,Hachette UK,2012-05-24,327.0,en
346,"The Body Keeps the Score: Brain, Mind, and Body in the Healing of Trauma",Bessel van der Kolk M.D.,4.8,12361,12,2019,Non Fiction,Psychology,3.5,3.0,Penguin,2014-09-25,465.0,en
347,The Book of Basketball: The NBA According to The Sports Guy,Bill Simmons,4.7,858,53,2009,Non Fiction,Sports & Recreation,3.5,18.0,ESPN,2009-10-27,737.0,en
348,The Book Thief,Markus Zusak,4.6,23148,6,2013,Fiction,Literature,,,,2011,102.0,en
349,The Book Thief,Markus Zusak,4.6,23148,6,2014,Fiction,Literature,,,,2011,102.0,en
350,The Book with No Pictures,B. J. Novak,4.8,8081,8,2014,Fiction,Books and reading,,,,2019,,en
351,The Book with No Pictures,B. J. Novak,4.8,8081,8,2015,Fiction,Books and reading,,,,2019,,en
352,The Boys in the Boat: Nine Americans and Their Epic Quest for Gold at the 1936 Berlin Olympics,Daniel James Brown,4.8,23358,12,2014,Non Fiction,Sports & Recreation,4.0,7.0,Penguin,2013-06-04,418.0,en
353,The Boys in the Boat: Nine Americans and Their Epic Quest for Gold at the 1936 Berlin Olympics,Daniel James Brown,4.8,23358,12,2015,Non Fiction,,,,,,,
354,The Casual Vacancy,J.K. Rowling,3.3,9372,12,2012,Fiction,Fiction,3.0,308.0,Hachette UK,2012-09-27,609.0,en
355,The China Study: The Most Comprehensive Study of Nutrition Ever Conducted And the Startling Implications for Diet…,Thomas Campbell,4.7,4633,21,2011,Non Fiction,,,,,,,
356,The Complete Ketogenic Diet for Beginners: Your Essential Guide to Living the Keto Lifestyle,Amy Ramos,4.3,13061,6,2018,Non Fiction,Cooking,,,"Sourcebooks, Inc.",2016-12-20,299.0,en
357,The Complete Ketogenic Diet for Beginners: Your Essential Guide to Living the Keto Lifestyle,Amy Ramos,4.3,13061,6,2019,Non Fiction,Cooking,,,"Sourcebooks, Inc.",2016-12-20,299.0,en
358,The Confession: A Novel,John Grisham,4.3,3523,13,2010,Fiction,Fiction,3.0,1.0,Vintage,2012-03-20,433.0,en
359,The Constitution of the United States,Delegates of the Constitutional,4.8,2774,0,2016,Non Fiction,History,,,Simon and Schuster,2019-02-05,46.0,en
360,The Daily Show with Jon Stewart Presents Earth (The Book): A Visitor's Guide to the Human Race,Jon Stewart,4.4,440,11,2010,Non Fiction,,,,,,,
361,The Day the Crayons Quit,Drew Daywalt,4.8,8922,9,2013,Fiction,Juvenile Fiction,4.5,10.0,Penguin,2013-06-27,21.0,en
362,The Day the Crayons Quit,Drew Daywalt,4.8,8922,9,2014,Fiction,Juvenile Fiction,4.5,10.0,Penguin,2013-06-27,21.0,en
363,The Day the Crayons Quit,Drew Daywalt,4.8,8922,9,2015,Fiction,Juvenile Fiction,4.5,10.0,Penguin,2013-06-27,21.0,en
364,"The Dukan Diet: 2 Steps to Lose the Weight, 2 Steps to Keep It Off Forever",Pierre Dukan,4.1,2023,15,2011,Non Fiction,Health & Fitness,2.5,47.0,Hachette UK,2010-05-13,481.0,en
365,The Elegance of the Hedgehog,Muriel Barbery,4.0,1859,11,2009,Fiction,Fiction,,,Gallic Books,2013-09-02,286.0,en
366,The Fault in Our Stars,John Green,4.7,50482,13,2012,Fiction,Young Adult Fiction,4.5,331.0,Penguin,2012-01-10,337.0,en
367,The Fault in Our Stars,John Green,4.7,50482,13,2013,Fiction,Young Adult Fiction,4.5,331.0,Penguin,2012-01-10,337.0,en
368,The Fault in Our Stars,John Green,4.7,50482,7,2014,Fiction,Young Adult Fiction,4.5,331.0,Penguin,2012-01-10,337.0,en
369,The Five Dysfunctions of a Team: A Leadership Fable,Patrick Lencioni,4.6,3207,6,2009,Non Fiction,Business & Economics,,,John Wiley & Sons,2002-04-11,268.0,en
370,The Five Dysfunctions of a Team: A Leadership Fable,Patrick Lencioni,4.6,3207,6,2010,Non Fiction,Business & Economics,,,John Wiley & Sons,2002-04-11,268.0,en
371,The Five Dysfunctions of a Team: A Leadership Fable,Patrick Lencioni,4.6,3207,6,2011,Non Fiction,Business & Economics,,,John Wiley & Sons,2002-04-11,268.0,en
372,The Five Dysfunctions of a Team: A Leadership Fable,Patrick Lencioni,4.6,3207,6,2012,Non Fiction,Business & Economics,,,John Wiley & Sons,2002-04-11,268.0,en
373,The Five Dysfunctions of a Team: A Leadership Fable,Patrick Lencioni,4.6,3207,6,2013,Non Fiction,Business & Economics,,,John Wiley & Sons,2002-04-11,268.0,en
374,The Five Love Languages: How to Express Heartfelt Commitment to Your Mate,Gary Chapman,4.6,803,9,2009,Non Fiction,Family & Relationships,4.5,70.0,Moody Publishers,2009-12-17,209.0,en
375,The Four Agreements: A Practical Guide to Personal Freedom (A Toltec Wisdom Book),Don Miguel Ruiz,4.7,23308,6,2013,Non Fiction,Conduct of life,,,,2018,,en
376,The Four Agreements: A Practical Guide to Personal Freedom (A Toltec Wisdom Book),Don Miguel Ruiz,4.7,23308,6,2015,Non Fiction,Conduct of life,,,,2018,,en
377,The Four Agreements: A Practical Guide to Personal Freedom (A Toltec Wisdom Book),Don Miguel Ruiz,4.7,23308,6,2016,Non Fiction,Conduct of life,,,,2018,,en
378,The Four Agreements: A Practical Guide to Personal Freedom (A Toltec Wisdom Book),Don Miguel Ruiz,4.7,23308,6,2017,Non Fiction,Conduct of life,,,,2018,,en
379,The Four Agreements: A Practical Guide to Personal Freedom (A Toltec Wisdom Book),Don Miguel Ruiz,4.7,23308,6,2018,Non Fiction,Conduct of life,,,,2018,,en
380,The Four Agreements: A Practical Guide to Personal Freedom (A Toltec Wisdom Book),Don Miguel Ruiz,4.7,23308,6,2019,Non Fiction,Conduct of life,,,,2018,,en
381,The Getaway,Jeff Kinney,4.8,5836,0,2017,Fiction,Juvenile Fiction,4.5,43.0,Abrams,2017-11-07,228.0,en
382,The Girl on the Train,Paula Hawkins,4.1,79446,18,2015,Fiction,Alcoholics,,,Seal Books,2016-08-23,416.0,en
383,The Girl on the Train,Paula Hawkins,4.1,79446,7,2016,Fiction,Alcoholics,,,Seal Books,2016-08-23,416.0,en
384,The Girl Who Kicked the Hornet's Nest (Millennium Trilogy),Stieg Larsson,4.7,7747,14,2010,Fiction,Juvenile Fiction,,,Mizan - Qanita,2014-10-01,860.0,id
385,The Girl Who Kicked the Hornet's Nest (Millennium Trilogy),Stieg Larsson,4.7,7747,14,2011,Fiction,Juvenile Fiction,,,Mizan - Qanita,2014-10-01,860.0,id
386,The Girl Who Played with Fire (Millennium Series),Stieg Larsson,4.7,7251,9,2010,Fiction,,,,,,,
387,The Girl Who Played with Fire (Millennium),Stieg Larsson,4.7,7251,16,2009,Fiction,Comics & Graphic Novels,,,Titan Comics,2018-01-30,0.0,en
388,The Girl with the Dragon Tattoo (Millennium Series),Stieg Larsson,4.4,10559,2,2009,Fiction,Fiction,4.0,363.0,Vintage Crime/Black Lizard,2008-09-16,480.0,en
389,The Girl with the Dragon Tattoo (Millennium Series),Stieg Larsson,4.4,10559,2,2010,Fiction,Fiction,4.0,363.0,Vintage Crime/Black Lizard,2008-09-16,480.0,en
390,The Going-To-Bed Book,Sandra Boynton,4.8,5249,5,2016,Fiction,Juvenile Fiction,,,Simon and Schuster,2004-09,7.0,en
391,The Going-To-Bed Book,Sandra Boynton,4.8,5249,5,2017,Fiction,Juvenile Fiction,,,Simon and Schuster,2004-09,7.0,en
392,The Goldfinch: A Novel (Pulitzer Prize for Fiction),Donna Tartt,3.9,33844,20,2013,Fiction,Fiction,3.0,1.0,Back Bay Books,2015-04-07,784.0,en
393,The Goldfinch: A Novel (Pulitzer Prize for Fiction),Donna Tartt,3.9,33844,20,2014,Fiction,Fiction,3.0,1.0,Back Bay Books,2015-04-07,784.0,en
394,The Great Gatsby,F. Scott Fitzgerald,4.4,11616,7,2012,Fiction,Fiction,,,Pan Macmillan,2016-09-08,160.0,en
395,The Great Gatsby,F. Scott Fitzgerald,4.4,11616,7,2013,Fiction,Fiction,,,Pan Macmillan,2016-09-08,160.0,en
396,The Great Gatsby,F. Scott Fitzgerald,4.4,11616,7,2014,Fiction,Fiction,,,Pan Macmillan,2016-09-08,160.0,en
397,The Guardians: A Novel,John Grisham,4.5,13609,14,2019,Fiction,Fiction,,,Vintage,2019-10-15,385.0,en
398,The Guernsey Literary and Potato Peel Pie Society,Mary Ann Shaffer,4.7,8587,10,2009,Fiction,Fiction,5.0,3.0,A&C Black,2009-05-10,304.0,en
399,The Handmaid's Tale,Margaret Atwood,4.3,29442,7,2017,Fiction,,,,,,4.0,en
400,The Harbinger: The Ancient Mystery that Holds the Secret of America's Future,Jonathan Cahn,4.6,11098,13,2012,Fiction,Fiction,,,Frontline,2011-09-03,287.0,en
401,The Hate U Give,Angie Thomas,4.8,9947,11,2018,Fiction,Young Adult Fiction,,,Thorndike Striving Reader,2021-12-29,589.0,en
402,The Help,Kathryn Stockett,4.8,13871,6,2009,Fiction,Fiction,5.0,3.0,Penguin,2009-02-10,466.0,en
403,The Help,Kathryn Stockett,4.8,13871,6,2010,Fiction,Fiction,5.0,3.0,Penguin,2009-02-10,466.0,en
404,The Help,Kathryn Stockett,4.8,13871,8,2011,Fiction,Fiction,5.0,3.0,Penguin,2009-02-10,466.0,en
405,"The House of Hades (Heroes of Olympus, Book 4)",Rick Riordan,4.8,6982,14,2013,Fiction,Juvenile Fiction,4.0,16.0,Penguin UK,2013-10-08,520.0,en
406,The Hunger Games,Suzanne Collins,4.7,32122,14,2010,Fiction,Young Adult Fiction,4.0,5739.0,Scholastic Inc.,2009-09-01,387.0,en
407,The Hunger Games (Book 1),Suzanne Collins,4.7,32122,8,2011,Fiction,Juvenile Fiction,,,Gyldendal A/S,2025-08-01,333.0,da
408,The Hunger Games (Book 1),Suzanne Collins,4.7,32122,8,2012,Fiction,Juvenile Fiction,,,Gyldendal A/S,2025-08-01,333.0,da
409,The Hunger Games Trilogy Boxed Set (1),Suzanne Collins,4.8,16949,30,2011,Fiction,,,,,,,
410,The Hunger Games Trilogy Boxed Set (1),Suzanne Collins,4.8,16949,30,2012,Fiction,,,,,,,
411,The Immortal Life of Henrietta Lacks,Rebecca Skloot,4.7,9289,13,2010,Non Fiction,Biography & Autobiography,,,Pan Macmillan,2019-03-07,435.0,en
412,The Immortal Life of Henrietta Lacks,Rebecca Skloot,4.7,9289,9,2011,Non Fiction,Biography & Autobiography,,,Pan Macmillan,2019-03-07,435.0,en
413,The Immortal Life of Henrietta Lacks,Rebecca Skloot,4.7,9289,9,2012,Non Fiction,Biography & Autobiography,,,Pan Macmillan,2019-03-07,435.0,en
414,The Instant Pot Electric Pressure Cooker Cookbook: Easy Recipes for Fast & Healthy Meals,Laurel Randolph,4.3,7368,7,2017,Non Fiction,Cooking,,,St. Martin's Griffin,2018-05-01,320.0,en
415,The Instant Pot Electric Pressure Cooker Cookbook: Easy Recipes for Fast & Healthy Meals,Laurel Randolph,4.3,7368,7,2018,Non Fiction,Cooking,,,St. Martin's Griffin,2018-05-01,320.0,en
416,The Last Lecture,Randy Pausch,4.7,4028,9,2009,Non Fiction,Biography & Autobiography,4.5,3.0,Hachette UK,2008-09-04,218.0,en
417,"The Last Olympian (Percy Jackson and the Olympians, Book 5)",Rick Riordan,4.8,4628,7,2009,Fiction,Juvenile Fiction,,,National Geographic Books,2009,0.0,en
418,"The Last Olympian (Percy Jackson and the Olympians, Book 5)",Rick Riordan,4.8,4628,7,2010,Fiction,Juvenile Fiction,,,National Geographic Books,2009,0.0,en
419,The Legend of Zelda: Hyrule Historia,Patrick Thorpe,4.9,5396,20,2013,Fiction,,,,,2013-01-29,117.0,en
420,The Lego Ideas Book: Unlock Your Imagination,Daniel Lipkowitz,4.4,4247,13,2011,Non Fiction,Juvenile Nonfiction,,,Penguin,2011-09-19,202.0,en
421,The Lego Ideas Book: Unlock Your Imagination,Daniel Lipkowitz,4.4,4247,13,2012,Non Fiction,Juvenile Nonfiction,,,Penguin,2011-09-19,202.0,en
422,The Life-Changing Magic of Tidying Up: The Japanese Art of Decluttering and Organizing,Marie Kondō,4.5,22641,11,2015,Non Fiction,House & Home,3.0,1.0,Ten Speed Press,2014-10-14,226.0,en
423,The Life-Changing Magic of Tidying Up: The Japanese Art of Decluttering and Organizing,Marie Kondō,4.5,22641,11,2016,Non Fiction,House & Home,3.0,1.0,Ten Speed Press,2014-10-14,226.0,en
424,The Life-Changing Magic of Tidying Up: The Japanese Art of Decluttering and Organizing,Marie Kondō,4.5,22641,11,2017,Non Fiction,House & Home,3.0,1.0,Ten Speed Press,2014-10-14,226.0,en
425,The Life-Changing Magic of Tidying Up: The Japanese Art of Decluttering and Organizing,Marie Kondō,4.5,22641,11,2019,Non Fiction,House & Home,3.0,1.0,Ten Speed Press,2014-10-14,226.0,en
426,The Litigators,John Grisham,4.4,6222,18,2011,Fiction,Fiction,3.5,73.0,Vintage,2011-10-25,498.0,en
427,"The Lost Hero (Heroes of Olympus, Book 1)",Rick Riordan,4.8,4506,14,2010,Fiction,,,,,,,
428,The Lost Symbol,Dan Brown,4.2,8747,19,2009,Fiction,Fiction,5.0,4.0,"Random House Digital, Inc.",2010,690.0,en
429,The Love Dare,Stephen Kendrick,4.8,1655,13,2009,Non Fiction,Religion,4.0,7.0,B&H Publishing Group,2008,226.0,en
430,The Magnolia Story,Chip Gaines,4.9,7861,5,2016,Non Fiction,Biography & Autobiography,5.0,2.0,Thomas Nelson,2016-10-18,214.0,en
431,"The Mark of Athena (Heroes of Olympus, Book 3)",Rick Riordan,4.8,6247,10,2012,Fiction,"Adventure stories, American",,,HarperCollins Publishers,2012,0.0,en
432,The Martian,Andy Weir,4.7,39459,9,2015,Fiction,Astronauts,,,Turtleback Books,2014,0.0,en
433,The Maze Runner (Book 1),James Dashner,4.5,10101,8,2014,Fiction,,,,,2014,,de
434,The Meltdown (Diary of a Wimpy Kid Book 13),Jeff Kinney,4.8,5898,8,2018,Fiction,Juvenile Fiction,4.0,39.0,Abrams,2018-10-30,228.0,en
435,The Mueller Report,The Washington Post,4.6,2744,12,2019,Non Fiction,Political Science,,,Simon and Schuster,2019-04-19,752.0,en
436,The Nightingale: A Novel,Kristin Hannah,4.8,49288,11,2015,Fiction,Fiction,4.5,7.0,St. Martin's Press,2015-02-03,497.0,en
437,The Nightingale: A Novel,Kristin Hannah,4.8,49288,11,2016,Fiction,Fiction,4.5,7.0,St. Martin's Press,2015-02-03,497.0,en
438,The Official SAT Study Guide,The College Board,4.4,1201,40,2010,Non Fiction,Study Aids,,,College Board,2018-10-23,1421.0,en
439,The Official SAT Study Guide,The College Board,4.4,1201,40,2011,Non Fiction,Study Aids,,,College Board,2018-10-23,1421.0,en
440,The Official SAT Study Guide,The College Board,4.4,1201,40,2012,Non Fiction,Study Aids,,,College Board,2018-10-23,1421.0,en
441,The Official SAT Study Guide,The College Board,4.4,1201,40,2013,Non Fiction,Study Aids,,,College Board,2018-10-23,1421.0,en
442,The Official SAT Study Guide,The College Board,4.4,1201,40,2014,Non Fiction,Study Aids,,,College Board,2018-10-23,1421.0,en
443,"The Official SAT Study Guide, 2016 Edition (Official Study Guide for the New Sat)",The College Board,4.3,807,36,2016,Non Fiction,,,,,,,
444,The Paris Wife: A Novel,Paula McLain,4.3,3759,16,2011,Fiction,Fiction,3.5,5.0,Ballantine Books,2011-02-22,382.0,en
445,"The Pioneer Woman Cooks: A Year of Holidays: 140 Step-by-Step Recipes for Simple, Scrumptious Celebrations",Ree Drummond,4.8,2663,17,2013,Non Fiction,Cooking,5.0,1.0,Ballantine Books,2016-09-20,338.0,en
446,"The Pioneer Woman Cooks: Dinnertime - Comfort Classics, Freezer Food, 16-minute Meals, and Other Delicious Ways to Solve…",Ree Drummond,4.8,3428,14,2015,Non Fiction,,,,,,,
447,The Pioneer Woman Cooks: Food from My Frontier,Ree Drummond,4.8,2876,21,2012,Non Fiction,Cooking,,,Harper Collins,2012-03-27,1024.0,en
448,"The Plant Paradox Cookbook: 100 Delicious Recipes to Help You Lose Weight, Heal Your Gut, and Live Lectin-Free",Dr. Steven R Gundry MD,4.5,3601,18,2018,Non Fiction,Health & Fitness,,,HarperCollins,2018-04-10,515.0,en
449,"The Plant Paradox: The Hidden Dangers in ""Healthy"" Foods That Cause Disease and Weight Gain",Dr. Steven R Gundry MD,4.4,7058,17,2018,Non Fiction,,,,,2019-11-09,90.0,en
450,The Pout-Pout Fish,Deborah Diesen,4.8,9784,5,2017,Fiction,Juvenile Fiction,3.0,2.0,"Farrar, Straus and Giroux (BYR)",2008-03-18,19.0,en
451,The Pout-Pout Fish,Deborah Diesen,4.8,9784,5,2018,Fiction,Juvenile Fiction,3.0,2.0,"Farrar, Straus and Giroux (BYR)",2008-03-18,19.0,en
452,The Power of Habit: Why We Do What We Do in Life and Business,Charles Duhigg,4.6,10795,21,2012,Non Fiction,Business & Economics,,,Random House Trade Paperbacks,2014-01-07,0.0,en
453,The President Is Missing: A Novel,James Patterson,4.3,10191,18,2018,Fiction,Fiction,5.0,2.0,"Little, Brown and Company and Knopf",2018-06-04,313.0,en
454,The Racketeer,John Grisham,4.3,14493,18,2012,Fiction,Fiction,5.0,1.0,Hachette UK,2012-10-23,311.0,en
455,"The Red Pyramid (The Kane Chronicles, Book 1)",Rick Riordan,4.6,2186,12,2010,Fiction,Juvenile Fiction,5.0,6.0,Penguin UK,2010-05-04,452.0,en
456,"The Road to Serfdom: Text and Documents--The Definitive Edition (The Collected Works of F. A. Hayek, Volume 2)",F. A. Hayek,4.6,1204,14,2010,Non Fiction,,,,,,,
457,"The Serpent's Shadow (The Kane Chronicles, Book 3)",Rick Riordan,4.8,2091,12,2012,Fiction,Brothers and sisters,,,Puffin Books,2012,405.0,en
458,The Shack: Where Tragedy Confronts Eternity,William P. Young,4.6,19720,8,2009,Fiction,Christian fiction,,,,2007,446.0,en
459,The Shack: Where Tragedy Confronts Eternity,William P. Young,4.6,19720,8,2017,Fiction,Christian fiction,,,,2007,446.0,en
460,The Short Second Life of Bree Tanner: An Eclipse Novella (The Twilight Saga),Stephenie Meyer,4.6,2122,0,2010,Fiction,,,,,,,
461,The Silent Patient,Alex Michaelides,4.5,27536,14,2019,Fiction,Fiction,3.0,4.0,Hachette UK,2019-02-05,286.0,en
462,"The Son of Neptune (Heroes of Olympus, Book 2)",Rick Riordan,4.8,4290,10,2011,Fiction,Juvenile Fiction,,,Disney-Hyperion,2019-09-24,0.0,en
463,The Subtle Art of Not Giving a F*ck: A Counterintuitive Approach to Living a Good Life,Mark Manson,4.6,26490,15,2017,Non Fiction,Humor,4.0,17.0,HarperCollins,2016-09-13,197.0,en
464,The Subtle Art of Not Giving a F*ck: A Counterintuitive Approach to Living a Good Life,Mark Manson,4.6,26490,15,2018,Non Fiction,Humor,4.0,17.0,HarperCollins,2016-09-13,197.0,en
465,The Subtle Art of Not Giving a F*ck: A Counterintuitive Approach to Living a Good Life,Mark Manson,4.6,26490,15,2019,Non Fiction,Humor,4.0,17.0,HarperCollins,2016-09-13,197.0,en
466,The Sun and Her Flowers,Rupi Kaur,4.7,5487,9,2017,Non Fiction,Poetry,2.0,1.0,Simon and Schuster,2017-10-03,256.0,en
467,"The Third Wheel (Diary of a Wimpy Kid, Book 7)",Jeff Kinney,4.7,6377,7,2012,Fiction,,,,Amulet Books,2012-11-13,224.0,en
468,"The Throne of Fire (The Kane Chronicles, Book 2)",Rick Riordan,4.7,1463,10,2011,Fiction,Juvenile Fiction,4.0,7.0,Penguin UK,2011-05-03,415.0,en
469,The Time Traveler's Wife,Audrey Niffenegger,4.4,3759,6,2009,Fiction,Fiction,3.5,4.0,MacAdam/Cage Publishing,2003,538.0,en
470,The Tipping Point: How Little Things Can Make a Big Difference,Malcolm Gladwell,4.4,3503,9,2009,Non Fiction,Psychology,,,Hachette UK,2006-11-01,204.0,en
471,The Total Money Makeover: Classic Edition: A Proven Plan for Financial Fitness,Dave Ramsey,4.7,11550,10,2019,Non Fiction,Business & Economics,5.0,1.0,Thomas Nelson,2013-09-17,266.0,en
472,The Twilight Saga Collection,Stephenie Meyer,4.7,3801,82,2009,Fiction,Juvenile Fiction,4.0,182.0,"Little, Brown Books for Young Readers",2009-10-27,2275.0,en
473,"The Ugly Truth (Diary of a Wimpy Kid, Book 5)",Jeff Kinney,4.8,3796,12,2010,Fiction,Juvenile Fiction,,,Amulet Books,2010-11,224.0,en
474,The Unofficial Harry Potter Cookbook: From Cauldron Cakes to Knickerbocker Glory--More Than 150 Magical Recipes for…,Dinah Bucholz,4.7,9030,10,2019,Non Fiction,,,,,,,
475,The Very Hungry Caterpillar,Eric Carle,4.9,19546,5,2013,Fiction,Juvenile Nonfiction,,,Puffin,2005-01-01,21.0,en
476,The Very Hungry Caterpillar,Eric Carle,4.9,19546,5,2014,Fiction,Juvenile Nonfiction,,,Puffin,2005-01-01,21.0,en
477,The Very Hungry Caterpillar,Eric Carle,4.9,19546,5,2015,Fiction,Juvenile Nonfiction,,,Puffin,2005-01-01,21.0,en
478,The Very Hungry Caterpillar,Eric Carle,4.9,19546,5,2016,Fiction,Juvenile Nonfiction,,,Puffin,2005-01-01,21.0,en
479,The Very Hungry Caterpillar,Eric Carle,4.9,19546,5,2017,Fiction,Juvenile Nonfiction,,,Puffin,2005-01-01,21.0,en
480,The Very Hungry Caterpillar,Eric Carle,4.9,19546,5,2018,Fiction,Juvenile Nonfiction,,,Puffin,2005-01-01,21.0,en
481,The Very Hungry Caterpillar,Eric Carle,4.9,19546,5,2019,Fiction,Juvenile Nonfiction,,,Puffin,2005-01-01,21.0,en
482,The Whole30: The 30-Day Guide to Total Health and Food Freedom,Melissa Hartwig Urban,4.6,7508,16,2015,Non Fiction,Health & Fitness,,,Penguin,2015-04-21,0.0,en
483,The Whole30: The 30-Day Guide to Total Health and Food Freedom,Melissa Hartwig Urban,4.6,7508,16,2016,Non Fiction,Health & Fitness,,,Penguin,2015-04-21,0.0,en
484,The Whole30: The 30-Day Guide to Total Health and Food Freedom,Melissa Hartwig Urban,4.6,7508,16,2017,Non Fiction,Health & Fitness,,,Penguin,2015-04-21,0.0,en
485,The Wonderful Things You Will Be,Emily Winfield Martin,4.9,8842,10,2016,Fiction,Juvenile Fiction,,,Random House Books for Young Readers,2015-08-25,48.0,en
486,The Wonderful Things You Will Be,Emily Winfield Martin,4.9,8842,10,2017,Fiction,Juvenile Fiction,,,Random House Books for Young Readers,2015-08-25,48.0,en
487,The Wonderful Things You Will Be,Emily Winfield Martin,4.9,8842,10,2018,Fiction,Juvenile Fiction,,,Random House Books for Young Readers,2015-08-25,48.0,en
488,The Wonderful Things You Will Be,Emily Winfield Martin,4.9,8842,10,2019,Fiction,Juvenile Fiction,,,Random House Books for Young Readers,2015-08-25,48.0,en
489,The Wonky Donkey,Craig Smith,4.8,30183,4,2018,Fiction,Juvenile Fiction,,,Scholastic UK,2018-11-01,28.0,en
490,The Wonky Donkey,Craig Smith,4.8,30183,4,2019,Fiction,Juvenile Fiction,,,Scholastic UK,2018-11-01,28.0,en
491,The Wright Brothers,David McCullough,4.7,6169,16,2015,Non Fiction,Biography & Autobiography,4.0,1.0,Simon and Schuster,2015-05-05,336.0,en
492,"Things That Matter: Three Decades of Passions, Pastimes and Politics [Deckled Edge]",Charles Krauthammer,4.7,7034,15,2013,Non Fiction,,,,,,,
493,"Thinking, Fast and Slow",Daniel Kahneman,4.6,11034,19,2011,Non Fiction,Psychology,4.0,35.0,"Farrar, Straus and Giroux",2011-10-25,511.0,en
494,"Thinking, Fast and Slow",Daniel Kahneman,4.6,11034,19,2012,Non Fiction,Psychology,4.0,35.0,"Farrar, Straus and Giroux",2011-10-25,511.0,en
495,Thirteen Reasons Why,Jay Asher,4.5,7932,9,2017,Fiction,Young Adult Fiction,4.5,170.0,Penguin,2011-06-14,337.0,en
496,Thomas Jefferson: The Art of Power,Jon Meacham,4.5,1904,23,2012,Non Fiction,Biography & Autobiography,5.0,4.0,Random House,2012-11-13,833.0,en
497,Three Cups of Tea: One Man's Mission to Promote Peace - One School at a Time,Greg Mortenson,4.3,3319,11,2009,Non Fiction,Girls' schools,,,,2015,,en
498,Three Cups of Tea: One Man's Mission to Promote Peace - One School at a Time,Greg Mortenson,4.3,3319,11,2010,Non Fiction,Girls' schools,,,,2015,,en
499,Thug Kitchen: The Official Cookbook: Eat Like You Give a F*ck (Thug Kitchen Cookbooks),Thug Kitchen,4.6,11128,23,2014,Non Fiction,Cooking,,,Rodale,2014-10-07,248.0,en
500,Thug Kitchen: The Official Cookbook: Eat Like You Give a F*ck (Thug Kitchen Cookbooks),Thug Kitchen,4.6,11128,23,2015,Non Fiction,Cooking,,,Rodale,2014-10-07,248.0,en
501,Thug Kitchen: The Official Cookbook: Eat Like You Give a F*ck (Thug Kitchen Cookbooks),Thug Kitchen,4.6,11128,23,2016,Non Fiction,Cooking,,,Rodale,2014-10-07,248.0,en
502,Thug Kitchen: The Official Cookbook: Eat Like You Give a F*ck (Thug Kitchen Cookbooks),Thug Kitchen,4.6,11128,23,2017,Non Fiction,Cooking,,,Rodale,2014-10-07,248.0,en
503,Tina Fey: Bossypants,Tina Fey,4.3,5977,12,2011,Non Fiction,Biography & Autobiography,4.5,7.0,Hachette UK,2011-04-18,183.0,en
504,To Kill a Mockingbird,Harper Lee,4.8,26234,0,2013,Fiction,Alabama,,,,1982,376.0,en
505,To Kill a Mockingbird,Harper Lee,4.8,26234,0,2014,Fiction,Alabama,,,,1982,376.0,en
506,To Kill a Mockingbird,Harper Lee,4.8,26234,0,2015,Fiction,Alabama,,,,1982,376.0,en
507,To Kill a Mockingbird,Harper Lee,4.8,26234,0,2016,Fiction,Alabama,,,,1982,376.0,en
508,To Kill a Mockingbird,Harper Lee,4.8,26234,7,2019,Fiction,Alabama,,,,1982,376.0,en
509,"Tools of Titans: The Tactics, Routines, and Habits of Billionaires, Icons, and World-Class Performers",Timothy Ferriss,4.6,4360,21,2017,Non Fiction,,,,,,,
510,"Towers of Midnight (Wheel of Time, Book Thirteen)",Robert Jordan,4.8,2282,21,2010,Fiction,Fiction,4.5,8.0,Hachette UK,2011-01-31,779.0,en
511,True Compass: A Memoir,Edward M. Kennedy,4.5,438,15,2009,Non Fiction,BIOGRAPHY & AUTOBIOGRAPHY,,,Twelve,2014-07-02,317.0,en
512,"Twilight (The Twilight Saga, Book 1)",Stephenie Meyer,4.7,11676,9,2009,Fiction,,,,,,,
513,Ultimate Sticker Book: Frozen: More Than 60 Reusable Full-Color Stickers,DK,4.5,2586,5,2014,Fiction,,,,,,,
514,"Unbroken: A World War II Story of Survival, Resilience, and Redemption",Laura Hillenbrand,4.8,29673,16,2010,Non Fiction,Biography & Autobiography,4.0,90.0,Random House,2010-11-16,497.0,en
515,"Unbroken: A World War II Story of Survival, Resilience, and Redemption",Laura Hillenbrand,4.8,29673,16,2011,Non Fiction,Biography & Autobiography,4.0,90.0,Random House,2010-11-16,497.0,en
516,"Unbroken: A World War II Story of Survival, Resilience, and Redemption",Laura Hillenbrand,4.8,29673,16,2012,Non Fiction,Biography & Autobiography,4.0,90.0,Random House,2010-11-16,497.0,en
517,"Unbroken: A World War II Story of Survival, Resilience, and Redemption",Laura Hillenbrand,4.8,29673,13,2014,Non Fiction,Biography & Autobiography,4.0,90.0,Random House,2010-11-16,497.0,en
518,Under the Dome: A Novel,Stephen King,4.3,6740,20,2009,Fiction,Fiction,5.0,1.0,Simon and Schuster,2013-06-11,1039.0,en
519,Unfreedom of the Press,Mark R. Levin,4.9,5956,11,2019,Non Fiction,Political Science,,,Threshold Editions,2020-08-11,272.0,en
520,Unicorn Coloring Book: For Kids Ages 4-8 (US Edition) (Silly Bear Coloring Books),Silly Bear,4.8,6108,4,2019,Non Fiction,,,,,,,
521,"Uninvited: Living Loved When You Feel Less Than, Left Out, and Lonely",Lysa TerKeurst,4.7,4585,9,2016,Non Fiction,Religion,4.0,2.0,Thomas Nelson,2016-08-09,289.0,en
522,Watchmen,Alan Moore,4.8,3829,42,2009,Fiction,Comics & Graphic Novels,4.5,179.0,National Geographic Books,2005,474.0,en
523,Water for Elephants: A Novel,Sara Gruen,4.5,8958,12,2011,Fiction,Fiction,,,Algonquin Books,2006-05-26,0.0,en
524,What Happened,Hillary Rodham Clinton,4.6,5492,18,2017,Non Fiction,Biography & Autobiography,5.0,1.0,Simon and Schuster,2017-09-12,547.0,en
525,What If?: Serious Scientific Answers to Absurd Hypothetical Questions,Randall Munroe,4.7,9292,17,2014,Non Fiction,Humor,5.0,2.0,Hachette UK,2014-09-04,553.0,en
526,What Pet Should I Get? (Classic Seuss),Dr. Seuss,4.7,1873,14,2015,Fiction,Juvenile Fiction,,,Random House Books for Young Readers,2015-07-28,49.0,en
527,What Should Danny Do? (The Power to Choose Series),Adir Levy,4.8,8170,13,2019,Fiction,,,,,,,
528,What to Expect When You're Expecting,Heidi Murkoff,4.4,3341,9,2011,Non Fiction,Family & Relationships,,,Simon and Schuster,2010-02-18,791.0,en
529,"Wheat Belly: Lose the Wheat, Lose the Weight, and Find Your Path Back to Health",William Davis,4.4,7497,6,2012,Non Fiction,Health & Fitness,,,Rodale Books,2019-12-10,467.0,en
530,"Wheat Belly: Lose the Wheat, Lose the Weight, and Find Your Path Back to Health",William Davis,4.4,7497,6,2013,Non Fiction,Health & Fitness,,,Rodale Books,2019-12-10,467.0,en
531,When Breath Becomes Air,Paul Kalanithi,4.8,13779,14,2016,Non Fiction,Biography & Autobiography,4.5,4.0,Random House,2016-01-12,258.0,en
532,Where the Crawdads Sing,Delia Owens,4.8,87841,15,2019,Fiction,Fiction,5.0,1.0,Hachette UK,2018-11-08,301.0,en
533,Where the Wild Things Are,Maurice Sendak,4.8,9967,13,2009,Fiction,Juvenile Fiction,,,HarperCollins Publishers,1963,48.0,en
534,Whose Boat Is This Boat?: Comments That Don't Help in the Aftermath of a Hurricane,The Staff of The Late Show with,4.6,6669,12,2018,Non Fiction,,,,,,,
535,Wild: From Lost to Found on the Pacific Crest Trail,Cheryl Strayed,4.4,17044,18,2012,Non Fiction,Biography & Autobiography,3.5,76.0,Vintage,2012-03-20,337.0,en
536,Winter of the World: Book Two of the Century Trilogy,Ken Follett,4.5,10760,15,2012,Fiction,Fiction,5.0,1.0,Pan Macmillan,2012-09-13,1048.0,en
537,Women Food and God: An Unexpected Path to Almost Everything,Geneen Roth,4.2,1302,11,2010,Non Fiction,"Body, Mind & Spirit",,,Simon and Schuster,2011-09-29,176.0,en
538,Wonder,R. J. Palacio,4.8,21625,9,2013,Fiction,Juvenile Fiction,5.0,1.0,Alfred Knopf,2017,0.0,en
539,Wonder,R. J. Palacio,4.8,21625,9,2014,Fiction,Juvenile Fiction,5.0,1.0,Alfred Knopf,2017,0.0,en
540,Wonder,R. J. Palacio,4.8,21625,9,2015,Fiction,Juvenile Fiction,5.0,1.0,Alfred Knopf,2017,0.0,en
541,Wonder,R. J. Palacio,4.8,21625,9,2016,Fiction,Juvenile Fiction,5.0,1.0,Alfred Knopf,2017,0.0,en
542,Wonder,R. J. Palacio,4.8,21625,9,2017,Fiction,Juvenile Fiction,5.0,1.0,Alfred Knopf,2017,0.0,en
543,Wrecking Ball (Diary of a Wimpy Kid Book 14),Jeff Kinney,4.9,9413,8,2019,Fiction,Juvenile Fiction,4.0,18.0,Abrams,2019-11-05,227.0,en
544,You Are a Badass: How to Stop Doubting Your Greatness and Start Living an Awesome Life,Jen Sincero,4.7,14331,8,2016,Non Fiction,Self-Help,,,Hachette UK,2016-10-13,265.0,en
545,You Are a Badass: How to Stop Doubting Your Greatness and Start Living an Awesome Life,Jen Sincero,4.7,14331,8,2017,Non Fiction,Self-Help,,,Hachette UK,2016-10-13,265.0,en
546,You Are a Badass: How to Stop Doubting Your Greatness and Start Living an Awesome Life,Jen Sincero,4.7,14331,8,2018,Non Fiction,Self-Help,,,Hachette UK,2016-10-13,265.0,en
547,You Are a Badass: How to Stop Doubting Your Greatness and Start Living an Awesome Life,Jen Sincero,4.7,14331,8,2019,Non Fiction,Self-Help,,,Hachette UK,2016-10-13,265.0,en
